From,To,Length(m),Azimuth(deg),Clino(deg)
# Equated stations
148@byaki_01,148@byaki_02
42@byaki_02,42@byaki_03
239@byaki_02,239@byaki_04
320@byaki_04,320@byaki_05
352@byaki_05,352@byaki_06
85@byaki_06,85@byaki_07
351@byaki_07,351@byaki_08
239@byaki_02,239@byaki_08
289@byaki_03,289@byaki_09
# End equated stations
0@byaki_01.byaki,1@byaki_01.byaki,4.25,111.40,-2.30
1@byaki_01.byaki,2@byaki_01.byaki,5.33,354.20,0.40
2@byaki_01.byaki,3@byaki_01.byaki,4.98,91.60,-44.30
3@byaki_01.byaki,4@byaki_01.byaki,0.25,53.70,-0.50
4@byaki_01.byaki,5@byaki_01.byaki,10.71,93.40,-0.50
5@byaki_01.byaki,6@byaki_01.byaki,4.44,113.90,22.00
6@byaki_01.byaki,7@byaki_01.byaki,5.75,129.10,-13.00
7@byaki_01.byaki,8@byaki_01.byaki,3.73,65.30,0.00
8@byaki_01.byaki,141@byaki_01.byaki,2.98,125.50,6.60
141@byaki_01.byaki,9@byaki_01.byaki,12.17,78.50,-0.10
9@byaki_01.byaki,10@byaki_01.byaki,2.40,101.10,15.40
10@byaki_01.byaki,11@byaki_01.byaki,10.93,131.80,-2.50
11@byaki_01.byaki,12@byaki_01.byaki,8.81,115.70,5.60
12@byaki_01.byaki,145@byaki_01.byaki,8.13,102.40,6.80
145@byaki_01.byaki,13@byaki_01.byaki,4.35,31.30,-7.20
13@byaki_01.byaki,14@byaki_01.byaki,6.61,72.30,5.90
14@byaki_01.byaki,146@byaki_01.byaki,4.99,9.70,9.80
146@byaki_01.byaki,15@byaki_01.byaki,4.44,260.80,-10.00
15@byaki_01.byaki,16@byaki_01.byaki,3.97,320.20,-13.40
16@byaki_01.byaki,17@byaki_01.byaki,8.36,357.20,0.50
17@byaki_01.byaki,147@byaki_01.byaki,1.75,320.80,3.40
147@byaki_01.byaki,18@byaki_01.byaki,3.48,347.90,0.30
18@byaki_01.byaki,19@byaki_01.byaki,1.53,30.70,5.50
19@byaki_01.byaki,20@byaki_01.byaki,9.13,287.50,-0.90
20@byaki_01.byaki,21@byaki_01.byaki,4.18,301.90,-4.50
21@byaki_01.byaki,148@byaki_01.byaki,2.80,3.40,-3.40
148@byaki_02.byaki,22@byaki_02.byaki,3.70,15.50,-6.90
22@byaki_02.byaki,23@byaki_02.byaki,10.93,100.90,3.40
23@byaki_02.byaki,175@byaki_02.byaki,7.70,41.60,-2.70
175@byaki_02.byaki,24@byaki_02.byaki,8.68,92.60,-2.60
24@byaki_02.byaki,160@byaki_02.byaki,7.63,86.10,2.70
160@byaki_02.byaki,159@byaki_02.byaki,13.85,61.90,2.90
159@byaki_02.byaki,163@byaki_02.byaki,5.04,77.20,-2.20
163@byaki_02.byaki,174@byaki_02.byaki,10.76,48.40,-0.80
174@byaki_02.byaki,25@byaki_02.byaki,6.16,36.10,3.50
25@byaki_02.byaki,209@byaki_02.byaki,12.50,62.00,-4.30
209@byaki_02.byaki,26@byaki_02.byaki,10.31,47.30,6.50
26@byaki_02.byaki,211@byaki_02.byaki,8.20,105.00,-4.60
211@byaki_02.byaki,212@byaki_02.byaki,6.63,53.70,-0.70
212@byaki_02.byaki,27@byaki_02.byaki,4.04,8.20,15.00
27@byaki_02.byaki,213@byaki_02.byaki,3.17,57.70,7.30
213@byaki_02.byaki,214@byaki_02.byaki,6.70,34.40,-5.60
214@byaki_02.byaki,28@byaki_02.byaki,5.29,31.40,-3.10
28@byaki_02.byaki,29@byaki_02.byaki,5.62,56.60,5.50
29@byaki_02.byaki,215@byaki_02.byaki,2.47,113.60,2.40
215@byaki_02.byaki,30@byaki_02.byaki,5.05,24.10,6.80
30@byaki_02.byaki,31@byaki_02.byaki,10.91,58.10,-0.70
31@byaki_02.byaki,32@byaki_02.byaki,3.40,114.40,0.90
32@byaki_02.byaki,216@byaki_02.byaki,2.24,61.60,5.60
216@byaki_02.byaki,33@byaki_02.byaki,5.45,347.80,-2.60
33@byaki_02.byaki,217@byaki_02.byaki,2.50,50.40,9.50
217@byaki_02.byaki,233@byaki_02.byaki,4.33,99.50,4.40
233@byaki_02.byaki,34@byaki_02.byaki,3.40,134.70,-0.50
34@byaki_02.byaki,35@byaki_02.byaki,14.05,68.70,1.90
35@byaki_02.byaki,36@byaki_02.byaki,8.01,106.10,3.20
36@byaki_02.byaki,234@byaki_02.byaki,4.13,80.20,-1.90
234@byaki_02.byaki,37@byaki_02.byaki,4.69,330.30,0.90
37@byaki_02.byaki,235@byaki_02.byaki,14.05,327.10,-3.10
235@byaki_02.byaki,237@byaki_02.byaki,10.19,57.40,1.80
237@byaki_02.byaki,38@byaki_02.byaki,7.58,41.30,-5.10
38@byaki_02.byaki,39@byaki_02.byaki,5.75,49.10,-0.10
39@byaki_02.byaki,238@byaki_02.byaki,3.04,131.20,5.10
238@byaki_02.byaki,40@byaki_02.byaki,6.04,134.30,-1.00
40@byaki_02.byaki,41@byaki_02.byaki,10.12,66.40,6.00
41@byaki_02.byaki,-,5.16,49.20,4.50
41@byaki_02.byaki,-,3.28,49.20,4.50
41@byaki_02.byaki,-,2.70,49.20,4.40
41@byaki_02.byaki,-,5.17,49.30,4.40
41@byaki_02.byaki,239@byaki_02.byaki,5.10,48.60,3.20
239@byaki_02.byaki,42@byaki_02.byaki,6.82,177.20,-1.70
42@byaki_03.byaki,43@byaki_03.byaki,21.40,121.80,2.00
43@byaki_03.byaki,289@byaki_03.byaki,6.24,138.20,-1.90
239@byaki_04.byaki,44@byaki_04.byaki,9.66,9.00,-3.50
44@byaki_04.byaki,291@byaki_04.byaki,4.72,71.30,6.70
291@byaki_04.byaki,45@byaki_04.byaki,8.20,334.30,-12.00
45@byaki_04.byaki,46@byaki_04.byaki,8.02,320.70,5.30
46@byaki_04.byaki,293@byaki_04.byaki,4.43,354.00,-1.90
293@byaki_04.byaki,-,14.54,265.70,-2.90
293@byaki_04.byaki,47@byaki_04.byaki,13.98,265.60,-3.00
47@byaki_04.byaki,297@byaki_04.byaki,5.34,295.50,12.40
297@byaki_04.byaki,48@byaki_04.byaki,5.35,22.30,-5.50
48@byaki_04.byaki,298@byaki_04.byaki,3.64,296.60,-0.10
298@byaki_04.byaki,49@byaki_04.byaki,4.82,220.70,-11.90
49@byaki_04.byaki,299@byaki_04.byaki,10.64,267.80,0.70
299@byaki_04.byaki,50@byaki_04.byaki,8.13,337.80,-8.10
50@byaki_04.byaki,51@byaki_04.byaki,13.55,260.20,0.30
51@byaki_04.byaki,321@byaki_04.byaki,17.27,340.10,1.30
321@byaki_04.byaki,320@byaki_04.byaki,9.85,252.80,-5.60
320@byaki_05.byaki,-,3.07,96.70,10.20
320@byaki_05.byaki,-,3.01,92.40,9.60
320@byaki_05.byaki,-,3.01,87.90,8.80
320@byaki_05.byaki,-,2.85,83.40,9.00
320@byaki_05.byaki,-,2.89,79.50,9.10
320@byaki_05.byaki,-,3.15,75.30,8.40
320@byaki_05.byaki,-,3.16,70.90,8.80
320@byaki_05.byaki,-,3.16,66.10,8.90
320@byaki_05.byaki,-,3.11,62.70,8.60
320@byaki_05.byaki,-,3.61,45.60,7.40
320@byaki_05.byaki,-,3.64,42.10,6.50
320@byaki_05.byaki,-,3.63,36.80,6.80
320@byaki_05.byaki,-,3.63,40.90,8.00
320@byaki_05.byaki,-,3.50,32.10,6.60
320@byaki_05.byaki,-,3.31,25.00,7.50
320@byaki_05.byaki,-,3.29,15.20,7.40
320@byaki_05.byaki,-,3.28,11.30,7.90
320@byaki_05.byaki,-,3.31,7.20,3.00
320@byaki_05.byaki,-,3.18,338.00,5.70
320@byaki_05.byaki,-,4.36,333.80,-1.80
320@byaki_05.byaki,-,3.57,324.90,3.80
320@byaki_05.byaki,-,3.30,315.80,8.40
320@byaki_05.byaki,-,3.09,300.20,9.10
320@byaki_05.byaki,-,3.53,298.60,6.10
320@byaki_05.byaki,-,4.07,301.60,11.50
320@byaki_05.byaki,-,4.42,330.00,-5.30
320@byaki_05.byaki,-,4.33,330.00,-4.30
320@byaki_05.byaki,-,3.87,326.20,-4.40
320@byaki_05.byaki,-,3.81,321.50,-2.30
320@byaki_05.byaki,-,3.80,315.70,-1.30
320@byaki_05.byaki,-,3.84,312.10,-0.30
320@byaki_05.byaki,-,3.91,308.60,-0.30
320@byaki_05.byaki,-,4.15,302.50,1.90
320@byaki_05.byaki,-,4.33,299.80,1.00
320@byaki_05.byaki,-,4.15,332.40,0.70
320@byaki_05.byaki,-,4.13,327.50,2.00
320@byaki_05.byaki,52@byaki_05.byaki,9.48,6.90,-1.80
52@byaki_05.byaki,-,3.12,173.80,1.70
52@byaki_05.byaki,-,5.00,177.70,2.70
52@byaki_05.byaki,-,5.15,182.20,2.10
52@byaki_05.byaki,-,5.60,186.50,1.20
52@byaki_05.byaki,-,9.73,190.60,-0.10
52@byaki_05.byaki,-,10.18,193.80,0.60
52@byaki_05.byaki,-,10.44,197.40,0.40
52@byaki_05.byaki,-,11.96,201.20,0.40
52@byaki_05.byaki,-,12.55,202.00,0.60
52@byaki_05.byaki,-,12.45,204.20,0.40
52@byaki_05.byaki,-,5.34,207.50,0.80
52@byaki_05.byaki,-,6.90,208.70,0.80
52@byaki_05.byaki,-,6.48,211.00,0.40
52@byaki_05.byaki,-,6.42,213.40,0.20
52@byaki_05.byaki,-,6.58,216.80,-0.00
52@byaki_05.byaki,-,7.11,218.80,-0.00
52@byaki_05.byaki,-,7.21,220.50,-0.40
52@byaki_05.byaki,-,7.47,223.10,-0.90
52@byaki_05.byaki,-,8.97,233.00,-0.00
52@byaki_05.byaki,-,8.73,237.30,-0.70
52@byaki_05.byaki,-,8.81,239.80,-0.70
52@byaki_05.byaki,-,8.46,243.00,-1.50
52@byaki_05.byaki,-,8.60,245.50,-1.90
52@byaki_05.byaki,-,7.73,247.10,-3.00
52@byaki_05.byaki,-,5.09,249.00,-2.10
52@byaki_05.byaki,-,4.41,253.20,-1.70
52@byaki_05.byaki,-,4.28,260.70,-1.50
52@byaki_05.byaki,-,4.24,265.90,-1.40
52@byaki_05.byaki,-,4.28,268.80,-1.30
52@byaki_05.byaki,-,4.44,272.40,-1.60
52@byaki_05.byaki,-,4.20,276.00,-1.50
52@byaki_05.byaki,-,4.19,278.00,-2.00
52@byaki_05.byaki,-,4.23,281.70,-2.80
52@byaki_05.byaki,-,3.39,305.70,-1.40
52@byaki_05.byaki,-,3.24,316.60,0.90
52@byaki_05.byaki,-,3.38,320.60,1.10
52@byaki_05.byaki,-,3.56,325.30,1.80
52@byaki_05.byaki,-,8.72,358.50,-0.50
52@byaki_05.byaki,-,8.57,3.40,1.50
52@byaki_05.byaki,-,9.17,8.20,1.80
52@byaki_05.byaki,-,9.15,13.10,1.30
52@byaki_05.byaki,53@byaki_05.byaki,5.08,248.50,-1.30
53@byaki_05.byaki,-,5.09,67.90,1.10
53@byaki_05.byaki,-,5.16,73.50,1.30
53@byaki_05.byaki,-,5.33,78.10,2.20
53@byaki_05.byaki,-,5.13,75.50,1.90
53@byaki_05.byaki,-,5.34,83.90,3.10
53@byaki_05.byaki,-,5.09,92.90,3.40
53@byaki_05.byaki,-,5.21,94.90,0.90
53@byaki_05.byaki,-,5.09,98.00,2.50
53@byaki_05.byaki,-,5.08,103.60,3.00
53@byaki_05.byaki,-,5.37,108.10,3.20
53@byaki_05.byaki,-,5.48,110.40,3.60
53@byaki_05.byaki,-,5.64,115.40,3.60
53@byaki_05.byaki,-,5.66,118.60,3.50
53@byaki_05.byaki,-,5.69,121.40,3.70
53@byaki_05.byaki,-,5.69,123.90,3.90
53@byaki_05.byaki,-,5.72,126.40,3.60
53@byaki_05.byaki,-,5.61,132.00,-0.40
53@byaki_05.byaki,-,5.83,130.50,2.00
53@byaki_05.byaki,-,8.70,149.90,3.20
53@byaki_05.byaki,-,8.71,148.60,6.10
53@byaki_05.byaki,-,8.30,152.40,4.50
53@byaki_05.byaki,-,8.23,155.10,4.30
53@byaki_05.byaki,-,7.60,157.30,3.40
53@byaki_05.byaki,-,7.37,159.40,-0.60
53@byaki_05.byaki,-,8.20,159.30,-0.60
53@byaki_05.byaki,-,3.63,161.40,-1.80
53@byaki_05.byaki,-,3.53,164.30,-1.80
53@byaki_05.byaki,-,3.44,170.00,-1.40
53@byaki_05.byaki,-,3.57,174.60,-0.90
53@byaki_05.byaki,-,3.60,179.00,-0.80
53@byaki_05.byaki,-,3.58,182.80,-0.20
53@byaki_05.byaki,-,3.58,186.60,-0.20
53@byaki_05.byaki,-,3.68,206.00,2.70
53@byaki_05.byaki,-,4.24,219.00,2.70
53@byaki_05.byaki,-,4.48,220.90,2.90
53@byaki_05.byaki,-,4.64,231.80,2.20
53@byaki_05.byaki,-,3.80,240.50,3.00
53@byaki_05.byaki,-,3.84,245.40,1.80
53@byaki_05.byaki,-,4.48,252.00,1.60
320@byaki_05.byaki,54@byaki_05.byaki,6.20,266.90,-0.90
54@byaki_05.byaki,-,5.32,309.80,7.50
54@byaki_05.byaki,-,5.34,306.80,5.70
54@byaki_05.byaki,-,5.06,312.30,5.30
54@byaki_05.byaki,-,5.02,320.10,5.10
54@byaki_05.byaki,-,4.46,324.70,5.30
54@byaki_05.byaki,-,4.90,330.40,4.90
54@byaki_05.byaki,-,4.80,335.90,5.80
54@byaki_05.byaki,-,4.57,341.20,4.30
54@byaki_05.byaki,-,4.61,349.50,4.30
54@byaki_05.byaki,-,4.70,359.00,3.50
54@byaki_05.byaki,-,4.60,3.20,-0.80
54@byaki_05.byaki,-,3.78,29.10,-1.90
54@byaki_05.byaki,-,3.73,32.50,-3.40
54@byaki_05.byaki,-,3.57,36.20,-2.90
54@byaki_05.byaki,-,3.43,39.40,-3.60
54@byaki_05.byaki,-,3.42,43.10,-4.10
54@byaki_05.byaki,-,3.40,44.90,-4.30
54@byaki_05.byaki,55@byaki_05.byaki,3.84,29.60,0.50
53@byaki_05.byaki,56@byaki_05.byaki,14.03,58.10,-1.90
56@byaki_05.byaki,-,10.72,249.30,2.80
56@byaki_05.byaki,-,9.86,250.90,3.20
56@byaki_05.byaki,-,9.65,252.80,3.30
56@byaki_05.byaki,-,9.60,255.50,3.10
56@byaki_05.byaki,-,9.70,258.70,3.20
56@byaki_05.byaki,-,9.62,260.60,3.30
56@byaki_05.byaki,-,9.57,262.80,3.20
56@byaki_05.byaki,-,9.46,265.20,3.40
56@byaki_05.byaki,-,8.99,268.60,3.70
56@byaki_05.byaki,-,9.63,271.10,3.50
56@byaki_05.byaki,-,9.52,272.60,3.10
56@byaki_05.byaki,-,9.23,275.20,5.40
56@byaki_05.byaki,-,9.21,278.90,6.30
56@byaki_05.byaki,-,8.96,282.70,7.00
56@byaki_05.byaki,-,8.11,286.90,7.30
56@byaki_05.byaki,-,7.91,290.20,7.30
56@byaki_05.byaki,-,7.28,294.10,6.90
56@byaki_05.byaki,-,6.80,297.20,7.00
56@byaki_05.byaki,-,6.06,283.20,15.40
56@byaki_05.byaki,-,10.81,248.60,2.90
56@byaki_05.byaki,-,8.43,231.70,6.10
56@byaki_05.byaki,-,7.62,226.10,5.80
56@byaki_05.byaki,-,7.18,219.30,6.00
56@byaki_05.byaki,-,7.10,213.90,7.50
56@byaki_05.byaki,-,7.14,219.60,6.30
56@byaki_05.byaki,-,7.11,213.80,7.00
56@byaki_05.byaki,-,7.28,210.20,7.30
56@byaki_05.byaki,-,6.37,204.90,7.50
56@byaki_05.byaki,-,6.34,198.40,8.10
56@byaki_05.byaki,-,6.79,197.40,8.20
56@byaki_05.byaki,-,6.24,192.70,8.50
56@byaki_05.byaki,-,6.14,189.60,9.00
56@byaki_05.byaki,-,6.23,187.90,9.10
56@byaki_05.byaki,-,6.44,181.60,9.80
56@byaki_05.byaki,-,6.60,177.80,9.90
56@byaki_05.byaki,-,9.31,263.40,4.30
56@byaki_05.byaki,-,8.83,268.30,4.60
56@byaki_05.byaki,-,8.87,272.60,4.70
56@byaki_05.byaki,-,9.36,276.50,6.50
56@byaki_05.byaki,-,9.13,278.60,6.00
56@byaki_05.byaki,-,9.05,281.80,6.10
56@byaki_05.byaki,-,9.08,284.00,5.60
56@byaki_05.byaki,-,8.21,287.20,6.60
56@byaki_05.byaki,-,7.59,291.30,6.80
56@byaki_05.byaki,-,6.76,294.50,6.30
56@byaki_05.byaki,-,6.78,296.60,6.10
56@byaki_05.byaki,-,7.01,299.60,5.70
56@byaki_05.byaki,-,6.64,302.30,5.30
56@byaki_05.byaki,-,6.59,307.30,4.80
56@byaki_05.byaki,-,6.55,309.80,4.10
56@byaki_05.byaki,-,6.43,312.50,3.50
56@byaki_05.byaki,-,6.28,316.10,3.10
56@byaki_05.byaki,-,6.77,319.00,2.70
56@byaki_05.byaki,-,7.47,322.00,2.70
56@byaki_05.byaki,-,7.45,324.40,3.00
56@byaki_05.byaki,-,9.73,330.20,3.50
56@byaki_05.byaki,-,9.43,333.10,3.50
56@byaki_05.byaki,-,9.30,335.70,3.80
56@byaki_05.byaki,-,11.06,336.30,0.90
56@byaki_05.byaki,-,8.57,348.10,0.40
56@byaki_05.byaki,-,6.62,350.50,1.00
56@byaki_05.byaki,-,6.25,354.00,1.30
56@byaki_05.byaki,-,6.31,358.50,1.60
56@byaki_05.byaki,-,6.51,2.00,1.10
56@byaki_05.byaki,-,6.64,6.60,1.40
56@byaki_05.byaki,-,6.84,11.10,1.70
56@byaki_05.byaki,-,6.90,14.90,1.60
56@byaki_05.byaki,-,7.18,20.90,1.50
56@byaki_05.byaki,-,7.38,24.00,2.30
56@byaki_05.byaki,-,8.26,27.30,2.40
56@byaki_05.byaki,-,8.57,33.50,1.30
56@byaki_05.byaki,-,8.90,37.20,2.00
56@byaki_05.byaki,-,9.43,40.70,2.50
56@byaki_05.byaki,-,9.68,43.40,1.10
56@byaki_05.byaki,58@byaki_05.byaki,6.95,17.60,0.30
58@byaki_05.byaki,-,7.91,103.70,1.70
58@byaki_05.byaki,-,6.62,107.70,1.30
58@byaki_05.byaki,-,5.42,110.50,0.90
58@byaki_05.byaki,-,5.21,111.80,0.90
58@byaki_05.byaki,-,4.53,117.30,0.30
58@byaki_05.byaki,-,4.20,125.10,-0.40
58@byaki_05.byaki,-,3.75,131.40,-0.60
58@byaki_05.byaki,-,3.72,138.40,-0.90
58@byaki_05.byaki,-,3.67,143.90,-1.30
58@byaki_05.byaki,-,3.66,149.50,-0.20
58@byaki_05.byaki,-,0.39,156.10,7.20
58@byaki_05.byaki,-,3.55,161.70,5.80
58@byaki_05.byaki,-,3.73,170.70,5.60
58@byaki_05.byaki,-,4.41,177.90,5.50
58@byaki_05.byaki,-,4.93,183.40,5.70
58@byaki_05.byaki,-,5.74,189.10,5.60
58@byaki_05.byaki,-,6.27,194.30,4.90
58@byaki_05.byaki,-,6.68,198.00,4.70
58@byaki_05.byaki,-,9.45,235.60,0.60
58@byaki_05.byaki,-,8.96,239.00,0.80
58@byaki_05.byaki,-,8.63,244.10,1.40
58@byaki_05.byaki,-,8.67,247.30,1.50
58@byaki_05.byaki,-,7.68,252.80,1.20
58@byaki_05.byaki,-,6.88,258.20,1.70
58@byaki_05.byaki,60@byaki_05.byaki,7.09,100.60,1.70
60@byaki_05.byaki,-,3.70,103.30,-2.60
60@byaki_05.byaki,-,3.41,99.20,-2.50
60@byaki_05.byaki,-,2.43,89.20,-1.70
60@byaki_05.byaki,-,2.57,77.20,-2.90
60@byaki_05.byaki,-,2.67,65.90,-2.20
60@byaki_05.byaki,-,2.69,63.90,-2.40
60@byaki_05.byaki,-,2.91,41.40,-5.10
60@byaki_05.byaki,-,2.89,31.50,-6.30
60@byaki_05.byaki,-,3.62,23.20,-3.30
60@byaki_05.byaki,-,3.68,4.70,5.00
60@byaki_05.byaki,-,3.61,347.00,9.50
60@byaki_05.byaki,-,3.54,339.90,9.90
60@byaki_05.byaki,-,3.47,339.30,7.90
60@byaki_05.byaki,-,3.46,341.50,10.50
60@byaki_05.byaki,-,3.47,333.50,10.90
60@byaki_05.byaki,-,3.76,319.80,8.10
60@byaki_05.byaki,61@byaki_05.byaki,3.60,96.20,-14.10
61@byaki_05.byaki,-,5.08,139.50,6.40
61@byaki_05.byaki,-,5.81,144.70,9.10
61@byaki_05.byaki,-,5.57,144.90,8.60
61@byaki_05.byaki,-,2.34,151.20,6.80
61@byaki_05.byaki,-,2.16,157.40,6.20
61@byaki_05.byaki,-,2.14,165.60,6.90
61@byaki_05.byaki,-,2.20,169.30,8.40
61@byaki_05.byaki,-,2.58,175.40,9.80
61@byaki_05.byaki,-,2.90,190.80,1.10
61@byaki_05.byaki,-,6.20,182.60,8.90
61@byaki_05.byaki,-,5.71,188.90,7.40
61@byaki_05.byaki,-,5.40,196.70,8.10
61@byaki_05.byaki,-,6.64,203.00,8.30
61@byaki_05.byaki,-,8.02,208.00,8.00
61@byaki_05.byaki,-,8.29,211.40,7.40
61@byaki_05.byaki,-,6.83,205.00,9.10
61@byaki_05.byaki,-,7.79,207.80,9.70
61@byaki_05.byaki,-,8.82,212.90,6.60
61@byaki_05.byaki,-,9.41,216.20,6.10
61@byaki_05.byaki,-,9.85,219.10,6.10
61@byaki_05.byaki,-,0.16,226.80,7.20
61@byaki_05.byaki,-,4.30,228.70,7.00
61@byaki_05.byaki,-,4.14,231.80,7.40
61@byaki_05.byaki,-,4.23,241.30,7.10
61@byaki_05.byaki,-,3.25,249.10,4.60
61@byaki_05.byaki,-,3.26,252.00,3.40
61@byaki_05.byaki,-,4.39,257.30,-0.30
61@byaki_05.byaki,-,4.70,264.10,3.50
61@byaki_05.byaki,62@byaki_05.byaki,9.25,217.00,4.60
62@byaki_05.byaki,-,4.99,278.30,-1.90
62@byaki_05.byaki,-,4.26,282.80,-1.50
62@byaki_05.byaki,-,3.47,295.00,-1.80
62@byaki_05.byaki,-,3.27,302.10,-1.50
62@byaki_05.byaki,-,3.02,310.50,-1.90
62@byaki_05.byaki,-,3.15,319.40,-0.40
62@byaki_05.byaki,-,3.04,330.60,1.30
62@byaki_05.byaki,-,2.95,336.80,2.30
62@byaki_05.byaki,-,3.09,346.70,2.60
62@byaki_05.byaki,-,3.09,349.50,2.80
62@byaki_05.byaki,-,3.22,3.50,2.60
62@byaki_05.byaki,-,3.21,0.60,4.40
62@byaki_05.byaki,-,3.24,3.90,4.70
62@byaki_05.byaki,-,3.63,7.50,5.30
62@byaki_05.byaki,-,3.86,12.20,6.00
62@byaki_05.byaki,-,4.30,14.80,6.30
62@byaki_05.byaki,-,4.89,17.50,7.00
62@byaki_05.byaki,-,5.08,19.80,7.60
62@byaki_05.byaki,-,7.38,45.70,-3.70
62@byaki_05.byaki,-,42.65,47.50,-3.70
62@byaki_05.byaki,-,7.59,50.00,-3.80
62@byaki_05.byaki,63@byaki_05.byaki,5.04,277.10,-2.10
63@byaki_05.byaki,-,9.02,77.10,1.00
63@byaki_05.byaki,-,8.00,80.30,1.10
63@byaki_05.byaki,-,7.31,86.00,2.40
63@byaki_05.byaki,-,6.78,88.20,2.70
63@byaki_05.byaki,-,5.33,91.80,2.20
63@byaki_05.byaki,-,4.76,97.90,2.30
63@byaki_05.byaki,-,4.76,100.30,2.60
63@byaki_05.byaki,-,4.69,103.90,2.90
63@byaki_05.byaki,-,4.73,110.30,3.10
63@byaki_05.byaki,-,4.00,114.60,4.80
63@byaki_05.byaki,-,3.96,118.50,5.00
63@byaki_05.byaki,-,3.64,126.30,5.30
63@byaki_05.byaki,-,3.06,133.40,6.60
63@byaki_05.byaki,-,3.31,138.70,6.90
63@byaki_05.byaki,-,3.48,144.10,8.10
63@byaki_05.byaki,-,3.42,149.50,8.40
63@byaki_05.byaki,-,3.36,155.00,7.90
63@byaki_05.byaki,-,3.36,160.80,7.00
63@byaki_05.byaki,-,3.48,171.70,5.60
63@byaki_05.byaki,-,2.85,183.60,4.50
63@byaki_05.byaki,-,3.37,190.60,4.50
63@byaki_05.byaki,-,3.77,198.70,4.20
63@byaki_05.byaki,-,4.75,208.00,6.00
63@byaki_05.byaki,-,3.98,216.50,4.80
63@byaki_05.byaki,-,4.53,224.00,4.70
63@byaki_05.byaki,-,4.90,229.60,4.80
63@byaki_05.byaki,-,5.50,235.90,1.60
63@byaki_05.byaki,-,6.97,243.10,2.20
63@byaki_05.byaki,-,8.60,247.40,1.70
63@byaki_05.byaki,64@byaki_05.byaki,8.89,245.80,-1.10
64@byaki_05.byaki,-,11.40,49.80,0.80
64@byaki_05.byaki,-,12.30,50.70,1.00
64@byaki_05.byaki,-,8.62,52.80,0.90
64@byaki_05.byaki,-,8.51,51.20,1.00
64@byaki_05.byaki,-,11.59,49.40,0.40
64@byaki_05.byaki,-,11.25,50.10,0.40
64@byaki_05.byaki,-,8.65,53.20,0.60
64@byaki_05.byaki,-,8.56,57.60,0.60
64@byaki_05.byaki,-,8.47,60.80,0.70
64@byaki_05.byaki,-,8.45,63.20,1.20
64@byaki_05.byaki,-,8.68,65.30,2.00
64@byaki_05.byaki,-,12.27,48.70,0.50
62@byaki_05.byaki,65@byaki_05.byaki,11.51,50.80,-1.00
65@byaki_05.byaki,-,3.95,237.20,-4.20
65@byaki_05.byaki,-,3.52,234.70,-4.10
65@byaki_05.byaki,-,2.97,230.60,-4.10
65@byaki_05.byaki,-,2.93,226.80,-3.60
65@byaki_05.byaki,-,3.42,225.10,-3.90
65@byaki_05.byaki,-,6.95,225.50,-0.90
65@byaki_05.byaki,-,6.94,223.70,-0.90
65@byaki_05.byaki,-,6.87,221.90,0.00
65@byaki_05.byaki,-,7.50,220.30,0.20
65@byaki_05.byaki,-,6.54,216.20,0.00
65@byaki_05.byaki,-,6.65,214.60,0.90
65@byaki_05.byaki,-,6.32,212.70,1.10
65@byaki_05.byaki,-,6.57,210.90,1.80
65@byaki_05.byaki,-,6.67,208.60,2.90
65@byaki_05.byaki,-,6.43,206.30,3.00
65@byaki_05.byaki,-,6.18,204.40,3.50
65@byaki_05.byaki,-,4.46,200.40,5.00
65@byaki_05.byaki,-,4.16,197.30,5.90
65@byaki_05.byaki,-,4.52,193.80,6.70
65@byaki_05.byaki,-,4.62,188.40,6.40
65@byaki_05.byaki,-,4.80,184.30,7.20
65@byaki_05.byaki,-,4.91,173.50,8.90
65@byaki_05.byaki,-,4.24,168.30,8.80
65@byaki_05.byaki,-,4.23,161.30,11.90
65@byaki_05.byaki,-,3.84,151.00,12.40
65@byaki_05.byaki,-,3.57,145.30,13.70
65@byaki_05.byaki,-,3.25,135.90,14.60
65@byaki_05.byaki,-,2.91,124.90,16.70
65@byaki_05.byaki,-,3.24,125.30,15.20
65@byaki_05.byaki,66@byaki_05.byaki,4.35,201.70,-6.20
66@byaki_05.byaki,-,3.59,232.30,24.30
66@byaki_05.byaki,-,3.27,238.30,21.40
66@byaki_05.byaki,-,2.92,248.50,17.70
66@byaki_05.byaki,-,3.20,256.10,12.50
66@byaki_05.byaki,-,3.31,258.10,10.60
66@byaki_05.byaki,-,2.15,315.20,4.30
66@byaki_05.byaki,-,1.93,319.10,4.20
66@byaki_05.byaki,-,1.75,324.30,6.20
66@byaki_05.byaki,-,1.72,331.70,9.00
66@byaki_05.byaki,-,1.78,337.70,9.70
66@byaki_05.byaki,-,1.98,345.90,9.70
66@byaki_05.byaki,-,3.04,357.00,11.30
66@byaki_05.byaki,-,3.77,6.20,8.60
66@byaki_05.byaki,-,4.28,15.10,7.60
66@byaki_05.byaki,-,4.38,19.30,6.50
66@byaki_05.byaki,-,4.59,24.80,5.20
66@byaki_05.byaki,-,9.19,35.40,5.00
66@byaki_05.byaki,-,7.78,37.90,5.40
66@byaki_05.byaki,-,7.55,39.50,6.00
66@byaki_05.byaki,-,6.82,43.20,6.50
66@byaki_05.byaki,-,5.91,45.70,7.00
66@byaki_05.byaki,-,4.48,49.70,8.20
66@byaki_05.byaki,67@byaki_05.byaki,9.27,33.90,5.60
67@byaki_05.byaki,-,5.08,40.80,4.40
67@byaki_05.byaki,-,4.28,34.80,4.30
67@byaki_05.byaki,-,3.16,23.00,5.40
67@byaki_05.byaki,-,3.06,10.90,5.20
67@byaki_05.byaki,-,3.29,359.20,5.70
67@byaki_05.byaki,-,2.99,2.10,6.40
67@byaki_05.byaki,-,3.51,355.70,6.50
67@byaki_05.byaki,-,4.33,348.80,5.80
67@byaki_05.byaki,-,4.86,344.60,4.70
67@byaki_05.byaki,-,5.60,340.80,2.00
67@byaki_05.byaki,-,5.82,338.40,1.60
67@byaki_05.byaki,-,9.59,315.90,-0.80
67@byaki_05.byaki,-,7.82,312.50,-1.40
67@byaki_05.byaki,-,5.80,306.20,-1.90
67@byaki_05.byaki,-,5.49,300.10,-1.80
67@byaki_05.byaki,-,4.56,293.70,-0.80
67@byaki_05.byaki,-,4.14,283.50,1.10
67@byaki_05.byaki,-,4.13,276.70,1.60
67@byaki_05.byaki,-,4.49,267.70,1.40
67@byaki_05.byaki,-,4.59,218.60,7.90
67@byaki_05.byaki,-,4.07,223.30,7.90
67@byaki_05.byaki,-,3.69,230.10,9.00
67@byaki_05.byaki,-,3.55,237.10,9.70
67@byaki_05.byaki,-,3.87,242.80,10.00
67@byaki_05.byaki,-,3.34,247.70,9.30
67@byaki_05.byaki,-,3.40,253.90,7.10
67@byaki_05.byaki,-,3.48,257.90,7.00
67@byaki_05.byaki,-,3.51,262.50,6.80
67@byaki_05.byaki,-,3.75,267.80,6.00
67@byaki_05.byaki,-,4.10,273.10,5.30
67@byaki_05.byaki,-,3.82,278.30,5.10
67@byaki_05.byaki,352@byaki_05.byaki,2.94,3.00,4.40
352@byaki_05.byaki,68@byaki_05.byaki,5.78,292.60,-8.00
68@byaki_05.byaki,-,10.79,158.30,5.20
68@byaki_05.byaki,-,9.74,152.40,5.30
68@byaki_05.byaki,-,8.71,142.50,6.50
68@byaki_05.byaki,-,8.47,132.20,7.10
68@byaki_05.byaki,-,8.88,123.80,6.90
68@byaki_05.byaki,-,10.45,115.50,7.20
68@byaki_05.byaki,-,5.66,111.50,6.80
68@byaki_05.byaki,-,5.18,110.80,8.70
68@byaki_05.byaki,-,4.66,102.60,11.60
68@byaki_05.byaki,-,4.26,98.30,13.10
68@byaki_05.byaki,-,3.80,94.30,14.00
68@byaki_05.byaki,-,3.54,90.60,15.00
68@byaki_05.byaki,-,2.96,84.30,17.10
68@byaki_05.byaki,-,3.08,76.80,13.50
68@byaki_05.byaki,-,3.41,70.80,12.50
68@byaki_05.byaki,-,4.71,64.00,8.20
68@byaki_05.byaki,-,5.95,63.70,4.30
68@byaki_05.byaki,-,5.95,61.30,6.10
68@byaki_05.byaki,-,6.05,57.80,5.40
68@byaki_05.byaki,-,6.23,55.80,5.40
68@byaki_05.byaki,-,6.56,53.20,5.20
68@byaki_05.byaki,-,7.64,50.30,4.80
68@byaki_05.byaki,-,7.59,46.90,4.50
68@byaki_05.byaki,-,0.12,44.20,3.90
68@byaki_05.byaki,-,7.90,39.50,4.90
68@byaki_05.byaki,-,7.75,37.60,5.60
68@byaki_05.byaki,-,7.96,34.10,6.00
68@byaki_05.byaki,-,0.31,30.30,4.00
68@byaki_05.byaki,-,0.31,29.10,5.90
68@byaki_05.byaki,-,0.34,32.90,5.20
68@byaki_05.byaki,-,0.34,31.70,6.30
68@byaki_05.byaki,-,8.46,30.80,6.70
68@byaki_05.byaki,-,0.32,28.10,6.80
68@byaki_05.byaki,-,8.34,29.10,7.40
68@byaki_05.byaki,-,8.01,25.00,7.50
68@byaki_05.byaki,-,7.18,22.10,6.90
68@byaki_05.byaki,-,6.92,17.20,6.10
68@byaki_05.byaki,-,6.01,11.90,6.40
68@byaki_05.byaki,-,5.45,6.80,6.20
68@byaki_05.byaki,-,5.95,14.00,9.30
68@byaki_05.byaki,-,5.47,7.60,10.10
68@byaki_05.byaki,-,5.54,2.70,10.40
68@byaki_05.byaki,-,5.64,358.80,5.50
68@byaki_05.byaki,-,6.94,357.30,4.00
68@byaki_05.byaki,69@byaki_05.byaki,3.74,92.20,5.80
69@byaki_05.byaki,-,8.37,191.50,0.30
69@byaki_05.byaki,-,7.41,195.70,-0.30
69@byaki_05.byaki,-,8.44,191.20,1.00
69@byaki_05.byaki,-,6.55,196.00,1.70
69@byaki_05.byaki,-,6.20,200.90,1.40
69@byaki_05.byaki,-,6.22,205.10,1.80
69@byaki_05.byaki,-,5.68,212.60,2.90
69@byaki_05.byaki,-,4.85,217.60,4.20
69@byaki_05.byaki,-,4.97,225.00,5.10
69@byaki_05.byaki,-,4.98,229.90,3.60
69@byaki_05.byaki,-,5.40,237.20,3.70
69@byaki_05.byaki,-,5.90,240.20,4.70
69@byaki_05.byaki,-,5.47,244.40,5.00
69@byaki_05.byaki,-,5.07,250.60,5.60
69@byaki_05.byaki,-,5.41,256.80,5.00
69@byaki_05.byaki,-,5.62,262.90,4.70
69@byaki_05.byaki,-,5.57,268.60,4.40
69@byaki_05.byaki,-,5.43,274.40,4.50
69@byaki_05.byaki,-,5.95,279.10,4.70
69@byaki_05.byaki,-,5.90,284.00,4.20
69@byaki_05.byaki,-,6.50,287.80,4.10
69@byaki_05.byaki,-,6.62,294.00,3.90
69@byaki_05.byaki,-,6.95,299.20,3.80
69@byaki_05.byaki,-,7.80,301.10,3.60
69@byaki_05.byaki,-,7.03,300.10,3.10
69@byaki_05.byaki,-,7.29,304.10,2.00
69@byaki_05.byaki,-,7.07,306.90,1.90
69@byaki_05.byaki,-,7.08,311.90,0.90
69@byaki_05.byaki,-,7.40,315.60,-0.80
69@byaki_05.byaki,-,7.39,317.90,-2.40
69@byaki_05.byaki,-,7.29,329.40,-1.80
69@byaki_05.byaki,-,0.81,332.00,-1.80
68@byaki_05.byaki,70@byaki_05.byaki,4.80,30.00,2.80
70@byaki_05.byaki,-,3.38,73.90,0.80
70@byaki_05.byaki,-,3.18,75.30,8.60
70@byaki_05.byaki,-,3.10,77.20,19.60
70@byaki_05.byaki,-,2.61,80.20,32.60
70@byaki_05.byaki,-,1.97,96.40,55.10
70@byaki_05.byaki,-,1.66,136.30,65.40
70@byaki_05.byaki,-,1.75,173.90,62.70
70@byaki_05.byaki,-,1.77,208.40,50.70
70@byaki_05.byaki,-,2.29,223.70,40.40
70@byaki_05.byaki,-,2.92,226.40,34.70
70@byaki_05.byaki,-,3.46,227.50,27.80
70@byaki_05.byaki,-,3.75,230.80,23.20
70@byaki_05.byaki,-,4.26,230.20,19.30
70@byaki_05.byaki,-,4.74,230.40,15.70
70@byaki_05.byaki,-,5.66,230.50,10.40
70@byaki_05.byaki,-,4.96,230.70,5.50
70@byaki_05.byaki,-,4.38,231.10,-0.20
70@byaki_05.byaki,-,3.84,230.90,-1.90
352@byaki_06.byaki,-,5.60,112.20,8.80
352@byaki_06.byaki,-,5.15,123.30,6.10
352@byaki_06.byaki,-,4.24,129.80,7.60
352@byaki_06.byaki,-,3.96,138.10,8.20
352@byaki_06.byaki,-,4.08,145.00,10.40
352@byaki_06.byaki,-,3.63,153.70,8.60
352@byaki_06.byaki,-,3.78,167.20,4.40
352@byaki_06.byaki,-,5.32,177.40,2.40
352@byaki_06.byaki,-,5.96,183.80,0.90
352@byaki_06.byaki,71@byaki_06.byaki,3.73,97.00,-2.20
71@byaki_06.byaki,-,2.94,269.50,15.60
71@byaki_06.byaki,-,2.86,274.60,15.00
71@byaki_06.byaki,-,2.63,281.90,15.40
71@byaki_06.byaki,-,2.37,289.10,15.70
71@byaki_06.byaki,-,2.17,296.50,15.70
71@byaki_06.byaki,-,2.04,300.00,15.00
71@byaki_06.byaki,-,1.85,308.70,15.30
71@byaki_06.byaki,-,1.68,317.60,15.50
71@byaki_06.byaki,-,1.61,326.90,14.60
71@byaki_06.byaki,-,1.55,334.80,14.20
71@byaki_06.byaki,-,1.49,346.70,13.70
71@byaki_06.byaki,-,1.53,355.10,12.60
71@byaki_06.byaki,-,1.81,3.10,9.70
71@byaki_06.byaki,-,2.16,10.00,5.00
71@byaki_06.byaki,-,2.76,9.80,1.60
71@byaki_06.byaki,-,3.57,12.90,-0.40
71@byaki_06.byaki,-,3.84,15.10,-0.20
71@byaki_06.byaki,-,3.91,18.10,0.60
71@byaki_06.byaki,-,4.13,22.20,0.90
71@byaki_06.byaki,-,4.16,23.30,1.90
71@byaki_06.byaki,72@byaki_06.byaki,4.34,24.50,1.20
72@byaki_06.byaki,-,7.85,211.80,4.80
72@byaki_06.byaki,-,7.67,208.20,5.20
72@byaki_06.byaki,-,6.84,202.90,5.40
72@byaki_06.byaki,-,6.65,195.40,7.50
72@byaki_06.byaki,-,4.95,185.60,9.10
72@byaki_06.byaki,-,5.09,175.80,12.90
72@byaki_06.byaki,-,5.07,170.80,13.80
72@byaki_06.byaki,-,4.82,165.40,13.50
72@byaki_06.byaki,-,4.28,161.10,12.20
72@byaki_06.byaki,-,3.98,156.10,9.30
72@byaki_06.byaki,-,3.68,149.70,8.40
72@byaki_06.byaki,-,4.21,142.10,8.30
72@byaki_06.byaki,-,4.12,129.00,6.80
72@byaki_06.byaki,-,3.75,118.50,8.10
72@byaki_06.byaki,-,3.68,113.70,9.50
72@byaki_06.byaki,-,3.84,108.90,10.60
72@byaki_06.byaki,-,4.95,102.90,10.80
72@byaki_06.byaki,-,4.74,97.90,10.40
72@byaki_06.byaki,-,4.38,89.10,10.00
72@byaki_06.byaki,-,4.64,80.70,9.00
72@byaki_06.byaki,-,4.62,76.80,7.80
72@byaki_06.byaki,-,4.48,73.60,5.40
72@byaki_06.byaki,-,4.25,73.40,5.30
72@byaki_06.byaki,-,4.04,72.30,5.20
72@byaki_06.byaki,-,4.09,70.90,5.30
72@byaki_06.byaki,-,4.17,70.20,5.30
72@byaki_06.byaki,-,4.45,69.20,5.50
72@byaki_06.byaki,73@byaki_06.byaki,5.10,73.50,10.00
73@byaki_06.byaki,-,7.29,240.60,-6.60
73@byaki_06.byaki,-,7.20,241.90,-7.20
73@byaki_06.byaki,-,7.16,243.80,-7.70
73@byaki_06.byaki,-,7.11,245.60,-8.00
73@byaki_06.byaki,-,7.12,247.70,-8.50
73@byaki_06.byaki,-,7.09,249.20,-8.60
73@byaki_06.byaki,-,5.36,250.80,-8.20
73@byaki_06.byaki,-,4.99,252.40,-8.70
73@byaki_06.byaki,-,4.70,255.20,-8.80
73@byaki_06.byaki,-,4.54,258.00,-8.80
73@byaki_06.byaki,-,4.63,262.70,-8.40
73@byaki_06.byaki,-,5.61,265.40,-6.60
73@byaki_06.byaki,-,5.65,270.20,-5.40
73@byaki_06.byaki,-,5.40,277.30,-5.00
73@byaki_06.byaki,-,5.20,284.50,-5.00
73@byaki_06.byaki,-,5.64,289.30,-4.80
73@byaki_06.byaki,-,5.84,298.70,-3.70
73@byaki_06.byaki,-,5.58,303.00,-2.70
73@byaki_06.byaki,-,5.49,306.50,-2.90
73@byaki_06.byaki,-,5.39,311.50,-1.00
73@byaki_06.byaki,-,5.88,314.70,-1.30
73@byaki_06.byaki,-,9.69,316.80,-0.50
73@byaki_06.byaki,-,9.26,318.80,-1.10
73@byaki_06.byaki,-,11.81,323.10,-0.80
73@byaki_06.byaki,-,11.31,327.50,0.50
73@byaki_06.byaki,-,11.20,331.80,-0.00
73@byaki_06.byaki,-,11.25,333.80,-0.70
73@byaki_06.byaki,-,11.96,337.00,-0.70
73@byaki_06.byaki,74@byaki_06.byaki,1.69,13.60,0.90
74@byaki_06.byaki,-,1.93,196.20,2.00
74@byaki_06.byaki,-,1.77,193.70,1.70
74@byaki_06.byaki,-,1.66,192.30,1.90
74@byaki_06.byaki,-,1.75,210.20,-17.30
74@byaki_06.byaki,-,1.72,208.60,-15.20
74@byaki_06.byaki,-,1.69,205.10,-14.00
74@byaki_06.byaki,-,1.67,200.30,-13.70
74@byaki_06.byaki,-,1.67,196.20,-13.80
74@byaki_06.byaki,-,4.05,177.80,5.80
74@byaki_06.byaki,-,4.02,180.60,4.60
74@byaki_06.byaki,-,4.19,173.00,3.60
74@byaki_06.byaki,-,4.41,167.80,3.90
74@byaki_06.byaki,-,4.86,163.00,3.10
74@byaki_06.byaki,-,5.08,157.00,3.60
74@byaki_06.byaki,-,5.28,152.60,0.90
74@byaki_06.byaki,-,5.54,150.40,0.90
74@byaki_06.byaki,-,5.45,148.10,0.70
74@byaki_06.byaki,-,5.33,147.00,0.30
74@byaki_06.byaki,-,5.20,144.40,0.20
74@byaki_06.byaki,-,5.03,141.20,-0.10
74@byaki_06.byaki,-,5.09,139.50,0.20
74@byaki_06.byaki,75@byaki_06.byaki,2.20,129.90,6.50
75@byaki_06.byaki,-,3.01,198.50,-0.40
75@byaki_06.byaki,-,3.01,206.40,-0.40
75@byaki_06.byaki,-,3.10,211.50,-0.40
75@byaki_06.byaki,-,3.09,215.90,-0.50
75@byaki_06.byaki,-,3.11,220.60,0.40
75@byaki_06.byaki,-,2.83,224.80,-0.20
75@byaki_06.byaki,-,2.50,230.20,-2.10
75@byaki_06.byaki,-,2.43,236.70,-3.40
75@byaki_06.byaki,-,2.36,242.40,-3.70
75@byaki_06.byaki,-,2.27,251.40,-4.90
75@byaki_06.byaki,-,1.82,258.50,-5.10
75@byaki_06.byaki,-,1.88,263.80,-4.30
75@byaki_06.byaki,-,0.98,350.70,6.50
75@byaki_06.byaki,-,1.02,347.20,6.00
75@byaki_06.byaki,-,1.09,342.30,5.30
75@byaki_06.byaki,-,1.22,336.80,3.90
75@byaki_06.byaki,-,1.38,333.10,1.20
75@byaki_06.byaki,-,1.54,329.70,0.90
75@byaki_06.byaki,-,1.59,327.90,0.10
75@byaki_06.byaki,-,1.50,333.20,-2.30
75@byaki_06.byaki,76@byaki_06.byaki,2.37,192.60,-4.00
76@byaki_06.byaki,-,1.94,107.90,4.50
76@byaki_06.byaki,-,1.96,106.00,2.10
76@byaki_06.byaki,-,1.96,99.70,1.00
76@byaki_06.byaki,-,2.15,95.90,0.90
76@byaki_06.byaki,-,2.21,93.30,0.20
76@byaki_06.byaki,-,2.28,90.10,-0.50
76@byaki_06.byaki,-,2.40,85.50,0.50
76@byaki_06.byaki,-,2.66,80.80,-0.30
76@byaki_06.byaki,-,2.79,73.60,-1.30
76@byaki_06.byaki,-,2.70,70.40,-2.20
76@byaki_06.byaki,-,2.82,65.50,-2.70
76@byaki_06.byaki,-,2.85,58.10,-3.80
76@byaki_06.byaki,-,3.05,51.00,-1.40
76@byaki_06.byaki,-,2.89,45.20,-1.80
76@byaki_06.byaki,-,2.44,41.10,-0.40
76@byaki_06.byaki,-,1.75,32.90,2.50
76@byaki_06.byaki,-,1.89,35.90,1.90
76@byaki_06.byaki,-,1.74,28.90,0.60
76@byaki_06.byaki,-,1.77,24.30,0.70
76@byaki_06.byaki,-,1.87,21.20,0.20
76@byaki_06.byaki,-,1.99,18.90,0.70
76@byaki_06.byaki,-,2.36,14.00,2.50
76@byaki_06.byaki,-,2.71,11.50,1.80
76@byaki_06.byaki,-,3.00,9.20,1.50
73@byaki_06.byaki,77@byaki_06.byaki,5.29,292.30,-11.50
77@byaki_06.byaki,-,2.90,165.70,12.10
77@byaki_06.byaki,-,2.66,170.80,12.50
77@byaki_06.byaki,-,2.45,175.00,13.60
77@byaki_06.byaki,-,2.40,179.10,14.10
77@byaki_06.byaki,-,2.41,183.50,15.50
77@byaki_06.byaki,-,2.57,189.40,15.40
77@byaki_06.byaki,-,2.80,193.40,16.60
77@byaki_06.byaki,-,1.48,200.50,17.80
77@byaki_06.byaki,-,1.28,207.10,16.40
77@byaki_06.byaki,-,0.83,212.50,17.80
77@byaki_06.byaki,-,0.91,222.50,13.80
77@byaki_06.byaki,-,1.09,236.60,7.10
77@byaki_06.byaki,-,1.81,241.50,-0.90
77@byaki_06.byaki,-,1.86,245.70,-3.00
77@byaki_06.byaki,-,1.88,251.10,-3.60
77@byaki_06.byaki,-,1.99,256.50,-4.40
77@byaki_06.byaki,-,2.04,259.60,-4.60
77@byaki_06.byaki,-,2.11,263.50,-4.60
77@byaki_06.byaki,-,2.17,266.10,-5.10
77@byaki_06.byaki,-,3.13,270.00,-7.70
77@byaki_06.byaki,-,3.34,274.90,-6.30
77@byaki_06.byaki,-,3.44,282.40,-6.90
77@byaki_06.byaki,-,3.37,284.50,-6.30
77@byaki_06.byaki,-,3.31,287.40,-6.50
77@byaki_06.byaki,-,3.28,289.30,-6.00
77@byaki_06.byaki,-,3.28,290.80,-5.40
77@byaki_06.byaki,-,3.36,291.50,-5.00
77@byaki_06.byaki,-,3.47,292.80,-5.20
77@byaki_06.byaki,-,3.36,295.10,-4.60
77@byaki_06.byaki,-,3.23,296.90,-3.60
77@byaki_06.byaki,-,3.16,299.00,-2.90
77@byaki_06.byaki,-,3.07,301.00,-1.80
77@byaki_06.byaki,-,2.92,303.70,-0.70
77@byaki_06.byaki,-,2.09,307.10,-0.20
77@byaki_06.byaki,-,1.11,310.10,2.20
77@byaki_06.byaki,-,0.98,318.80,14.90
77@byaki_06.byaki,-,1.01,326.70,23.80
77@byaki_06.byaki,-,0.90,342.20,23.50
77@byaki_06.byaki,-,1.19,354.40,29.50
77@byaki_06.byaki,-,1.34,13.20,26.80
77@byaki_06.byaki,-,1.51,16.50,21.10
77@byaki_06.byaki,-,1.56,21.40,18.50
77@byaki_06.byaki,-,6.94,84.60,9.50
77@byaki_06.byaki,-,6.77,83.10,9.00
77@byaki_06.byaki,-,6.79,80.60,8.80
77@byaki_06.byaki,-,6.72,77.90,9.10
77@byaki_06.byaki,-,6.67,74.00,8.90
77@byaki_06.byaki,-,6.94,69.80,9.90
77@byaki_06.byaki,-,7.46,64.10,9.90
77@byaki_06.byaki,-,6.43,56.80,10.00
77@byaki_06.byaki,-,6.55,54.40,11.00
77@byaki_06.byaki,-,5.03,49.90,13.10
77@byaki_06.byaki,-,5.07,52.20,12.10
77@byaki_06.byaki,-,4.75,48.10,12.70
77@byaki_06.byaki,-,4.75,45.40,12.10
77@byaki_06.byaki,-,4.80,42.30,12.80
77@byaki_06.byaki,-,6.21,37.40,11.50
77@byaki_06.byaki,-,5.96,33.40,10.10
77@byaki_06.byaki,-,5.72,30.60,9.80
77@byaki_06.byaki,-,5.60,29.00,10.30
77@byaki_06.byaki,-,5.64,27.20,10.80
77@byaki_06.byaki,-,7.29,106.70,10.90
77@byaki_06.byaki,-,7.15,103.60,10.20
77@byaki_06.byaki,-,6.95,99.60,10.30
77@byaki_06.byaki,-,6.84,95.70,9.70
77@byaki_06.byaki,-,5.39,93.60,10.70
77@byaki_06.byaki,-,6.42,90.10,12.10
77@byaki_06.byaki,-,6.14,87.60,11.80
77@byaki_06.byaki,-,6.88,84.70,10.70
77@byaki_06.byaki,-,6.57,82.20,10.60
77@byaki_06.byaki,78@byaki_06.byaki,6.64,56.50,13.50
78@byaki_06.byaki,-,1.04,52.50,6.70
78@byaki_06.byaki,-,0.88,25.30,8.50
78@byaki_06.byaki,-,0.85,19.30,10.90
78@byaki_06.byaki,-,0.90,355.80,11.70
78@byaki_06.byaki,-,0.88,336.80,11.50
78@byaki_06.byaki,-,1.05,324.10,10.50
78@byaki_06.byaki,-,1.24,315.50,8.40
78@byaki_06.byaki,-,1.55,307.30,8.40
78@byaki_06.byaki,-,1.71,300.30,8.90
78@byaki_06.byaki,-,2.04,292.70,9.70
78@byaki_06.byaki,-,2.06,284.80,9.50
78@byaki_06.byaki,-,1.87,278.20,9.80
78@byaki_06.byaki,-,1.56,271.80,9.40
78@byaki_06.byaki,-,1.37,261.40,12.50
78@byaki_06.byaki,-,1.10,251.50,17.10
78@byaki_06.byaki,-,0.87,242.00,20.50
78@byaki_06.byaki,-,0.83,236.10,22.90
78@byaki_06.byaki,-,0.69,217.00,29.10
78@byaki_06.byaki,-,0.52,188.30,23.80
78@byaki_06.byaki,-,0.52,167.00,22.60
78@byaki_06.byaki,-,0.65,126.90,27.60
78@byaki_06.byaki,-,0.67,91.80,19.60
78@byaki_06.byaki,-,0.70,78.80,15.60
78@byaki_06.byaki,-,0.79,65.60,13.40
78@byaki_06.byaki,-,0.92,57.70,16.60
78@byaki_06.byaki,79@byaki_06.byaki,1.40,314.80,-31.40
79@byaki_06.byaki,-,0.27,59.90,-8.30
79@byaki_06.byaki,-,0.41,66.30,-10.00
79@byaki_06.byaki,-,0.55,71.50,-10.70
79@byaki_06.byaki,-,0.78,75.70,-12.50
79@byaki_06.byaki,-,0.97,81.10,-12.90
79@byaki_06.byaki,-,0.53,125.20,-13.20
79@byaki_06.byaki,-,1.64,126.60,-15.90
79@byaki_06.byaki,-,1.57,117.00,-19.50
79@byaki_06.byaki,-,0.47,106.70,-21.90
79@byaki_06.byaki,-,1.53,104.60,-13.80
79@byaki_06.byaki,-,1.58,95.00,-14.10
79@byaki_06.byaki,-,1.63,92.00,-11.90
79@byaki_06.byaki,-,2.62,103.50,-0.60
79@byaki_06.byaki,-,2.87,98.60,-1.30
79@byaki_06.byaki,-,3.45,96.20,-1.80
79@byaki_06.byaki,-,2.49,105.80,0.10
79@byaki_06.byaki,-,2.39,110.80,7.90
79@byaki_06.byaki,80@byaki_06.byaki,1.93,86.50,-10.30
80@byaki_06.byaki,-,1.19,117.10,-6.90
80@byaki_06.byaki,-,4.14,113.00,-5.80
80@byaki_06.byaki,-,4.18,108.20,-5.00
80@byaki_06.byaki,-,4.06,105.70,-5.80
80@byaki_06.byaki,-,3.51,101.90,-4.50
80@byaki_06.byaki,-,3.28,97.70,-4.20
80@byaki_06.byaki,-,3.12,94.20,-6.30
80@byaki_06.byaki,-,2.94,89.50,-7.40
80@byaki_06.byaki,-,2.73,85.20,-8.10
80@byaki_06.byaki,-,2.37,80.10,-8.20
80@byaki_06.byaki,-,2.33,76.50,-7.60
80@byaki_06.byaki,-,2.31,73.40,-10.50
80@byaki_06.byaki,-,2.56,68.00,-14.50
80@byaki_06.byaki,-,2.65,62.30,-16.40
80@byaki_06.byaki,-,2.57,56.60,-17.80
80@byaki_06.byaki,-,2.55,53.70,-18.50
80@byaki_06.byaki,-,2.39,48.90,-20.30
80@byaki_06.byaki,-,2.59,43.90,-21.00
80@byaki_06.byaki,-,2.41,37.00,-21.60
80@byaki_06.byaki,-,0.98,32.40,-21.70
80@byaki_06.byaki,-,2.00,134.50,-14.80
80@byaki_06.byaki,-,2.39,132.50,-13.50
80@byaki_06.byaki,-,2.57,128.70,-12.40
80@byaki_06.byaki,-,2.87,124.00,-12.90
77@byaki_06.byaki,81@byaki_06.byaki,5.60,28.10,10.20
81@byaki_06.byaki,-,10.26,353.20,-0.40
81@byaki_06.byaki,-,10.72,350.30,-1.00
81@byaki_06.byaki,-,10.86,348.30,-0.90
81@byaki_06.byaki,-,11.98,345.90,-0.30
81@byaki_06.byaki,-,6.37,341.20,-0.20
81@byaki_06.byaki,-,5.34,335.90,-0.60
81@byaki_06.byaki,-,4.97,327.50,-1.80
81@byaki_06.byaki,-,4.32,317.20,-2.00
81@byaki_06.byaki,-,4.15,306.70,-2.90
81@byaki_06.byaki,-,11.69,349.00,1.20
81@byaki_06.byaki,-,11.97,345.50,0.50
81@byaki_06.byaki,-,6.34,340.80,-0.10
81@byaki_06.byaki,-,5.18,334.60,-0.30
81@byaki_06.byaki,-,4.95,327.70,-0.80
81@byaki_06.byaki,-,4.38,318.80,-2.10
81@byaki_06.byaki,-,4.16,310.30,-1.10
81@byaki_06.byaki,-,4.21,301.80,-2.90
81@byaki_06.byaki,-,4.11,292.10,-3.50
81@byaki_06.byaki,-,5.89,294.70,-3.30
81@byaki_06.byaki,-,6.94,292.40,-3.20
81@byaki_06.byaki,-,7.00,290.70,-3.30
81@byaki_06.byaki,-,6.67,288.70,-3.40
81@byaki_06.byaki,-,6.28,287.40,-4.00
81@byaki_06.byaki,-,5.95,286.00,-4.30
81@byaki_06.byaki,-,5.62,284.00,-4.60
81@byaki_06.byaki,-,5.50,281.90,-4.30
81@byaki_06.byaki,-,4.67,270.30,-3.40
81@byaki_06.byaki,-,4.79,268.80,-3.80
81@byaki_06.byaki,-,4.83,266.70,-3.50
81@byaki_06.byaki,-,4.66,264.10,-2.30
81@byaki_06.byaki,-,4.55,261.50,-1.50
81@byaki_06.byaki,-,4.95,259.60,-0.90
81@byaki_06.byaki,-,4.58,257.90,-1.70
81@byaki_06.byaki,-,3.22,254.50,-3.80
81@byaki_06.byaki,-,3.15,252.70,-2.50
81@byaki_06.byaki,-,3.20,248.90,-2.50
81@byaki_06.byaki,-,3.28,246.60,-4.30
81@byaki_06.byaki,-,3.81,240.40,-4.40
81@byaki_06.byaki,-,3.36,235.10,-5.70
81@byaki_06.byaki,-,3.44,230.70,-6.20
81@byaki_06.byaki,-,3.52,225.90,-5.40
81@byaki_06.byaki,-,3.37,221.20,-5.60
81@byaki_06.byaki,-,3.28,217.60,-4.80
81@byaki_06.byaki,-,3.25,214.80,-3.90
81@byaki_06.byaki,-,3.58,212.00,-3.40
81@byaki_06.byaki,-,3.59,207.90,-3.20
81@byaki_06.byaki,-,3.88,206.30,-3.60
81@byaki_06.byaki,83@byaki_06.byaki,3.58,276.60,-7.40
83@byaki_06.byaki,-,1.90,289.60,2.10
83@byaki_06.byaki,-,1.81,294.70,1.40
83@byaki_06.byaki,-,2.33,296.80,0.80
83@byaki_06.byaki,-,2.62,298.90,0.90
83@byaki_06.byaki,-,3.21,300.80,0.50
83@byaki_06.byaki,-,3.39,302.50,0.60
83@byaki_06.byaki,-,3.57,305.40,0.70
83@byaki_06.byaki,-,3.50,308.10,2.00
83@byaki_06.byaki,-,3.56,310.50,2.00
83@byaki_06.byaki,-,3.89,314.40,1.90
83@byaki_06.byaki,-,3.85,317.50,2.80
83@byaki_06.byaki,-,3.74,322.80,4.60
83@byaki_06.byaki,-,3.84,325.90,5.50
83@byaki_06.byaki,-,3.90,328.20,5.10
83@byaki_06.byaki,-,3.05,331.70,5.10
83@byaki_06.byaki,-,2.30,334.40,5.90
83@byaki_06.byaki,-,2.10,338.70,8.80
83@byaki_06.byaki,-,2.17,343.90,9.90
83@byaki_06.byaki,-,1.71,348.10,9.00
83@byaki_06.byaki,-,2.03,354.10,8.60
83@byaki_06.byaki,-,1.86,0.40,9.10
83@byaki_06.byaki,-,2.14,4.70,8.40
83@byaki_06.byaki,-,4.82,115.40,5.20
83@byaki_06.byaki,-,4.61,112.30,5.30
83@byaki_06.byaki,-,4.61,109.70,5.70
83@byaki_06.byaki,-,4.97,107.00,6.00
83@byaki_06.byaki,-,5.22,104.10,7.10
83@byaki_06.byaki,-,4.99,97.80,7.70
83@byaki_06.byaki,-,3.87,96.00,7.60
83@byaki_06.byaki,-,3.60,93.70,7.90
83@byaki_06.byaki,-,3.63,90.00,8.30
83@byaki_06.byaki,-,1.36,86.10,5.80
83@byaki_06.byaki,-,3.93,84.20,4.90
83@byaki_06.byaki,-,4.43,78.30,4.00
83@byaki_06.byaki,-,6.07,74.70,2.70
83@byaki_06.byaki,-,6.57,71.70,3.10
83@byaki_06.byaki,-,8.08,58.50,0.20
83@byaki_06.byaki,-,7.46,56.30,1.00
83@byaki_06.byaki,-,7.44,54.40,1.10
83@byaki_06.byaki,-,7.42,52.60,2.10
83@byaki_06.byaki,-,7.20,50.30,2.90
83@byaki_06.byaki,-,7.20,47.70,3.50
83@byaki_06.byaki,-,7.56,44.80,3.50
83@byaki_06.byaki,-,8.21,42.90,3.30
83@byaki_06.byaki,-,8.30,40.70,3.00
83@byaki_06.byaki,-,8.68,38.00,2.30
83@byaki_06.byaki,-,8.33,38.60,2.90
83@byaki_06.byaki,-,10.38,30.90,1.30
83@byaki_06.byaki,-,9.81,28.80,1.20
83@byaki_06.byaki,-,9.70,26.90,0.90
83@byaki_06.byaki,-,10.12,23.50,0.70
83@byaki_06.byaki,-,9.96,21.60,1.20
81@byaki_06.byaki,84@byaki_06.byaki,11.55,343.40,-2.10
84@byaki_06.byaki,-,5.02,165.70,2.00
84@byaki_06.byaki,-,4.98,169.80,4.10
84@byaki_06.byaki,-,4.94,172.70,4.90
84@byaki_06.byaki,-,5.02,176.80,3.50
84@byaki_06.byaki,-,5.21,180.00,3.30
84@byaki_06.byaki,-,5.19,184.30,3.20
84@byaki_06.byaki,-,4.03,188.20,2.10
84@byaki_06.byaki,-,3.82,195.30,3.80
84@byaki_06.byaki,-,4.20,204.90,2.40
84@byaki_06.byaki,-,4.42,206.40,0.70
84@byaki_06.byaki,-,4.74,212.10,-0.80
84@byaki_06.byaki,-,5.11,218.60,0.10
84@byaki_06.byaki,-,6.02,224.40,-1.40
84@byaki_06.byaki,-,6.37,227.80,-1.50
84@byaki_06.byaki,-,0.82,86.00,9.30
84@byaki_06.byaki,-,0.86,101.50,8.50
84@byaki_06.byaki,-,2.90,118.10,12.90
84@byaki_06.byaki,-,1.13,120.40,8.80
84@byaki_06.byaki,-,1.18,129.60,-0.40
84@byaki_06.byaki,-,6.61,128.10,4.50
84@byaki_06.byaki,-,7.32,130.30,2.50
84@byaki_06.byaki,-,7.34,131.90,3.40
84@byaki_06.byaki,-,7.48,135.30,3.40
84@byaki_06.byaki,-,7.71,137.20,4.30
84@byaki_06.byaki,-,8.01,139.20,4.50
84@byaki_06.byaki,85@byaki_06.byaki,3.62,184.10,7.00
85@byaki_07.byaki,86@byaki_07.byaki,4.36,307.00,-8.40
86@byaki_07.byaki,-,4.17,308.90,1.40
86@byaki_07.byaki,-,6.37,305.00,1.40
86@byaki_07.byaki,-,7.02,298.80,1.80
86@byaki_07.byaki,-,5.09,294.00,2.30
86@byaki_07.byaki,-,5.12,287.70,1.90
86@byaki_07.byaki,-,4.84,280.10,3.20
86@byaki_07.byaki,-,5.13,273.50,3.40
86@byaki_07.byaki,-,4.80,271.30,2.40
86@byaki_07.byaki,-,12.00,267.70,4.30
86@byaki_07.byaki,-,12.11,262.70,3.60
86@byaki_07.byaki,-,10.12,259.30,3.20
86@byaki_07.byaki,-,9.68,254.40,2.90
86@byaki_07.byaki,-,9.55,247.90,3.20
86@byaki_07.byaki,-,8.80,242.00,3.00
86@byaki_07.byaki,-,9.90,236.20,2.70
86@byaki_07.byaki,-,10.69,232.60,1.60
86@byaki_07.byaki,-,10.90,230.90,1.70
86@byaki_07.byaki,-,4.24,211.50,-0.60
86@byaki_07.byaki,-,3.99,208.70,1.00
86@byaki_07.byaki,-,3.70,205.90,0.50
86@byaki_07.byaki,-,3.53,202.90,1.20
86@byaki_07.byaki,-,3.46,198.20,1.00
86@byaki_07.byaki,-,3.46,195.70,2.00
86@byaki_07.byaki,-,3.54,184.40,1.80
86@byaki_07.byaki,-,2.86,161.50,3.20
86@byaki_07.byaki,-,2.05,172.00,7.70
86@byaki_07.byaki,-,3.07,168.20,8.80
86@byaki_07.byaki,-,3.13,151.40,9.10
86@byaki_07.byaki,-,3.62,140.20,3.80
86@byaki_07.byaki,-,3.64,134.70,9.80
86@byaki_07.byaki,-,3.95,132.20,8.20
86@byaki_07.byaki,-,4.15,127.40,7.30
86@byaki_07.byaki,-,4.41,124.50,9.00
86@byaki_07.byaki,87@byaki_07.byaki,4.22,211.60,0.40
87@byaki_07.byaki,-,7.45,50.90,0.90
87@byaki_07.byaki,-,7.22,48.70,0.10
87@byaki_07.byaki,-,6.85,46.70,0.10
87@byaki_07.byaki,-,6.75,44.60,-0.10
87@byaki_07.byaki,-,5.40,40.90,-0.40
87@byaki_07.byaki,-,4.73,37.90,-0.40
87@byaki_07.byaki,-,4.48,33.30,-0.70
87@byaki_07.byaki,-,4.34,30.30,-1.00
87@byaki_07.byaki,-,4.55,26.30,-0.60
87@byaki_07.byaki,-,4.61,22.30,0.20
87@byaki_07.byaki,-,4.67,18.60,-0.20
87@byaki_07.byaki,-,4.65,17.10,0.40
87@byaki_07.byaki,-,4.49,16.60,2.40
87@byaki_07.byaki,-,6.68,3.80,1.40
87@byaki_07.byaki,-,6.54,2.20,1.70
87@byaki_07.byaki,-,6.79,2.90,-1.30
87@byaki_07.byaki,-,6.45,0.60,0.30
87@byaki_07.byaki,-,6.32,358.00,-0.40
87@byaki_07.byaki,-,6.13,355.70,0.30
87@byaki_07.byaki,-,6.14,348.80,1.40
87@byaki_07.byaki,-,6.23,351.80,1.70
87@byaki_07.byaki,-,6.29,345.50,1.50
87@byaki_07.byaki,-,6.55,343.40,1.50
87@byaki_07.byaki,-,7.78,316.90,2.40
87@byaki_07.byaki,-,8.44,313.60,2.10
87@byaki_07.byaki,-,9.14,310.50,1.80
87@byaki_07.byaki,-,9.84,309.00,1.80
87@byaki_07.byaki,-,9.99,307.60,2.80
87@byaki_07.byaki,-,16.12,305.70,-0.70
87@byaki_07.byaki,88@byaki_07.byaki,5.43,263.60,2.60
88@byaki_07.byaki,-,7.33,166.90,-1.00
88@byaki_07.byaki,-,7.36,165.40,-3.10
88@byaki_07.byaki,-,7.50,168.20,0.50
88@byaki_07.byaki,-,7.18,162.50,-0.70
88@byaki_07.byaki,-,7.00,156.70,0.40
88@byaki_07.byaki,-,7.12,152.30,0.40
88@byaki_07.byaki,-,7.54,147.30,-2.40
88@byaki_07.byaki,-,6.38,137.80,0.80
88@byaki_07.byaki,-,6.42,134.00,-7.80
88@byaki_07.byaki,-,6.41,126.00,-9.50
88@byaki_07.byaki,-,5.63,121.30,-10.40
88@byaki_07.byaki,-,5.44,113.10,-11.50
88@byaki_07.byaki,-,5.36,106.80,-10.80
88@byaki_07.byaki,-,5.29,101.30,-11.60
88@byaki_07.byaki,-,4.81,94.30,-9.60
88@byaki_07.byaki,-,5.21,88.40,-8.60
88@byaki_07.byaki,-,5.39,84.80,-8.00
88@byaki_07.byaki,-,5.55,82.80,-7.50
88@byaki_07.byaki,-,8.77,60.00,-2.00
88@byaki_07.byaki,-,8.81,59.40,-3.30
88@byaki_07.byaki,-,8.42,52.60,-2.00
88@byaki_07.byaki,-,10.87,51.30,-1.80
88@byaki_07.byaki,-,11.09,49.70,-1.40
88@byaki_07.byaki,-,11.74,48.10,-1.40
88@byaki_07.byaki,-,11.77,46.20,-0.80
88@byaki_07.byaki,-,11.24,45.10,-1.70
88@byaki_07.byaki,-,6.13,8.10,0.50
88@byaki_07.byaki,-,6.27,2.10,0.40
88@byaki_07.byaki,-,6.15,356.10,1.10
88@byaki_07.byaki,-,6.21,354.20,2.10
88@byaki_07.byaki,-,6.56,347.30,2.10
88@byaki_07.byaki,-,6.86,343.80,0.60
88@byaki_07.byaki,-,7.19,339.60,-0.10
88@byaki_07.byaki,-,7.19,343.40,-5.10
88@byaki_07.byaki,-,7.18,342.60,-3.50
88@byaki_07.byaki,351@byaki_07.byaki,8.08,173.80,1.50
351@byaki_08.byaki,-,5.15,40.80,-0.40
351@byaki_08.byaki,-,5.25,36.00,-0.70
351@byaki_08.byaki,-,5.13,31.00,-1.00
351@byaki_08.byaki,-,5.36,25.90,-1.70
351@byaki_08.byaki,-,5.41,17.80,0.10
351@byaki_08.byaki,-,15.82,17.20,-1.30
351@byaki_08.byaki,-,15.21,14.50,-1.20
351@byaki_08.byaki,-,15.01,10.50,-1.00
351@byaki_08.byaki,-,12.70,6.30,-0.80
351@byaki_08.byaki,-,13.53,1.80,-0.60
351@byaki_08.byaki,-,14.41,357.00,-0.60
351@byaki_08.byaki,-,14.28,354.20,-0.30
351@byaki_08.byaki,-,7.56,352.20,-0.80
351@byaki_08.byaki,-,6.89,348.10,-0.30
351@byaki_08.byaki,-,6.22,343.20,0.40
351@byaki_08.byaki,-,5.49,337.60,0.60
351@byaki_08.byaki,-,5.15,329.80,0.40
351@byaki_08.byaki,-,5.38,324.00,1.10
351@byaki_08.byaki,-,5.60,318.90,0.70
351@byaki_08.byaki,-,5.35,310.90,-0.90
351@byaki_08.byaki,-,6.05,300.80,-1.50
351@byaki_08.byaki,-,7.74,295.70,-1.30
351@byaki_08.byaki,-,7.51,295.50,-2.00
351@byaki_08.byaki,-,7.99,271.30,-0.70
351@byaki_08.byaki,-,7.64,267.60,-0.70
351@byaki_08.byaki,-,8.20,262.90,-0.50
351@byaki_08.byaki,-,8.27,259.90,-1.40
351@byaki_08.byaki,-,5.97,258.50,-0.70
351@byaki_08.byaki,-,5.76,254.90,-1.10
351@byaki_08.byaki,-,5.69,249.30,-2.40
351@byaki_08.byaki,-,5.54,244.30,-2.70
351@byaki_08.byaki,-,5.70,241.60,-3.10
351@byaki_08.byaki,-,6.57,239.30,-5.10
351@byaki_08.byaki,-,8.74,237.00,-6.30
351@byaki_08.byaki,-,8.43,234.90,-7.50
351@byaki_08.byaki,-,8.02,232.80,-8.40
351@byaki_08.byaki,-,8.02,230.90,-7.00
351@byaki_08.byaki,-,9.02,228.50,-5.00
351@byaki_08.byaki,-,8.01,225.00,-5.20
351@byaki_08.byaki,-,6.14,221.60,-5.60
351@byaki_08.byaki,-,5.36,218.30,-6.20
351@byaki_08.byaki,-,4.84,213.20,-6.30
351@byaki_08.byaki,-,4.56,209.00,-5.70
351@byaki_08.byaki,-,3.80,205.00,-5.90
351@byaki_08.byaki,-,3.54,200.00,-6.30
351@byaki_08.byaki,89@byaki_08.byaki,9.96,287.50,-7.40
89@byaki_08.byaki,-,10.09,96.70,6.60
89@byaki_08.byaki,-,10.72,98.80,6.20
89@byaki_08.byaki,-,10.37,103.00,5.90
89@byaki_08.byaki,-,10.01,106.10,5.70
89@byaki_08.byaki,-,10.25,107.70,5.70
89@byaki_08.byaki,-,10.31,111.70,5.00
89@byaki_08.byaki,-,10.04,114.10,6.30
89@byaki_08.byaki,-,10.18,115.10,0.90
89@byaki_08.byaki,-,9.29,124.90,6.00
89@byaki_08.byaki,-,10.22,126.50,4.00
89@byaki_08.byaki,-,10.27,128.10,4.00
89@byaki_08.byaki,-,9.88,129.70,3.40
89@byaki_08.byaki,-,9.90,132.90,3.50
89@byaki_08.byaki,-,9.80,135.40,4.00
89@byaki_08.byaki,-,9.51,137.80,4.10
89@byaki_08.byaki,-,6.61,139.30,5.80
89@byaki_08.byaki,-,5.43,140.40,10.90
89@byaki_08.byaki,-,5.33,143.60,10.70
89@byaki_08.byaki,-,5.26,147.10,11.10
89@byaki_08.byaki,-,5.14,150.20,9.90
89@byaki_08.byaki,-,3.30,152.20,14.00
89@byaki_08.byaki,-,3.00,157.20,21.40
89@byaki_08.byaki,-,3.10,161.90,19.60
89@byaki_08.byaki,-,3.32,168.00,17.70
89@byaki_08.byaki,-,3.61,173.20,16.80
89@byaki_08.byaki,-,4.02,180.30,14.60
89@byaki_08.byaki,-,4.37,187.10,13.20
89@byaki_08.byaki,-,4.40,193.40,12.10
89@byaki_08.byaki,-,4.51,200.10,12.40
89@byaki_08.byaki,-,4.82,206.00,11.50
89@byaki_08.byaki,-,5.08,210.30,12.30
89@byaki_08.byaki,-,5.77,215.70,10.90
89@byaki_08.byaki,-,5.98,226.60,8.20
89@byaki_08.byaki,-,3.31,225.50,22.20
89@byaki_08.byaki,-,3.17,232.90,16.30
89@byaki_08.byaki,-,2.81,237.30,20.70
89@byaki_08.byaki,-,2.45,243.80,21.90
89@byaki_08.byaki,-,2.55,251.30,20.20
89@byaki_08.byaki,-,3.19,259.30,18.00
89@byaki_08.byaki,-,3.67,265.40,12.40
89@byaki_08.byaki,-,3.84,267.90,12.90
89@byaki_08.byaki,-,11.56,268.20,4.20
89@byaki_08.byaki,-,11.69,269.30,3.50
89@byaki_08.byaki,-,11.53,272.20,3.50
89@byaki_08.byaki,-,11.55,273.70,3.10
89@byaki_08.byaki,-,11.11,275.20,3.10
89@byaki_08.byaki,-,11.86,278.70,2.60
89@byaki_08.byaki,-,12.34,279.30,1.80
89@byaki_08.byaki,-,12.96,280.90,1.60
89@byaki_08.byaki,-,12.78,283.20,1.20
89@byaki_08.byaki,-,13.14,285.30,1.00
89@byaki_08.byaki,-,8.08,286.90,1.70
89@byaki_08.byaki,-,5.26,286.80,5.90
89@byaki_08.byaki,-,5.20,289.30,4.80
89@byaki_08.byaki,-,4.94,293.00,4.80
89@byaki_08.byaki,-,5.01,295.30,4.40
89@byaki_08.byaki,-,5.14,299.30,3.20
89@byaki_08.byaki,-,7.05,300.30,-0.30
89@byaki_08.byaki,-,7.26,303.50,-0.70
89@byaki_08.byaki,-,6.91,317.20,0.90
89@byaki_08.byaki,-,7.04,320.10,3.10
89@byaki_08.byaki,-,7.01,322.10,3.40
89@byaki_08.byaki,-,6.89,325.30,4.50
89@byaki_08.byaki,-,6.36,330.00,5.20
89@byaki_08.byaki,-,6.08,333.40,5.10
89@byaki_08.byaki,-,5.78,338.30,6.10
89@byaki_08.byaki,-,4.79,342.50,8.10
89@byaki_08.byaki,-,4.30,346.00,12.00
89@byaki_08.byaki,-,3.32,348.70,12.90
89@byaki_08.byaki,-,3.92,356.30,16.20
89@byaki_08.byaki,-,3.76,2.40,18.70
89@byaki_08.byaki,90@byaki_08.byaki,5.59,224.30,6.10
90@byaki_08.byaki,-,7.06,40.70,1.70
90@byaki_08.byaki,-,7.17,45.30,2.40
90@byaki_08.byaki,-,7.46,50.40,2.70
90@byaki_08.byaki,-,7.99,55.50,2.70
90@byaki_08.byaki,-,8.57,61.20,2.10
90@byaki_08.byaki,-,9.30,64.20,1.70
90@byaki_08.byaki,-,5.09,74.40,5.80
90@byaki_08.byaki,-,4.84,76.80,5.60
90@byaki_08.byaki,-,4.47,81.00,5.80
90@byaki_08.byaki,-,4.22,83.90,5.90
90@byaki_08.byaki,-,4.03,87.00,5.90
90@byaki_08.byaki,-,3.56,90.70,5.90
90@byaki_08.byaki,-,2.24,92.90,6.20
90@byaki_08.byaki,-,1.57,100.10,18.10
90@byaki_08.byaki,-,1.28,102.50,19.80
90@byaki_08.byaki,-,1.05,112.30,26.10
90@byaki_08.byaki,-,1.00,153.90,24.40
90@byaki_08.byaki,-,1.30,171.80,13.60
90@byaki_08.byaki,-,1.98,183.50,4.60
90@byaki_08.byaki,-,2.27,189.40,2.00
90@byaki_08.byaki,-,2.55,196.90,1.30
90@byaki_08.byaki,-,2.50,202.70,1.30
90@byaki_08.byaki,-,2.51,209.60,1.60
90@byaki_08.byaki,-,2.53,216.40,4.80
90@byaki_08.byaki,-,2.68,221.50,3.90
90@byaki_08.byaki,-,2.78,224.20,4.20
90@byaki_08.byaki,91@byaki_08.byaki,2.92,226.80,5.70
91@byaki_08.byaki,350@byaki_08.byaki,8.50,316.00,-3.90
91@byaki_08.byaki,-,4.93,217.10,2.70
91@byaki_08.byaki,-,4.99,223.30,3.10
91@byaki_08.byaki,-,5.40,230.40,3.30
91@byaki_08.byaki,-,5.54,231.20,4.60
91@byaki_08.byaki,-,10.12,232.20,3.90
91@byaki_08.byaki,-,10.29,234.50,3.50
91@byaki_08.byaki,-,8.20,241.00,2.70
91@byaki_08.byaki,-,8.31,244.40,2.30
91@byaki_08.byaki,-,8.51,248.10,1.50
91@byaki_08.byaki,-,8.67,251.40,1.70
91@byaki_08.byaki,-,9.48,253.50,2.10
91@byaki_08.byaki,-,9.31,257.20,2.70
91@byaki_08.byaki,-,8.88,259.70,3.10
91@byaki_08.byaki,-,8.49,263.00,3.30
91@byaki_08.byaki,-,7.75,267.40,2.40
91@byaki_08.byaki,-,7.50,270.40,1.90
91@byaki_08.byaki,-,7.45,271.80,2.10
91@byaki_08.byaki,-,6.24,273.10,4.80
91@byaki_08.byaki,-,6.05,275.00,5.40
91@byaki_08.byaki,-,5.99,278.00,5.30
91@byaki_08.byaki,-,5.90,283.40,4.90
91@byaki_08.byaki,-,5.69,285.70,4.60
91@byaki_08.byaki,-,5.65,289.10,5.50
91@byaki_08.byaki,-,4.95,290.60,4.50
91@byaki_08.byaki,-,4.79,292.60,3.70
91@byaki_08.byaki,-,5.34,297.80,-0.10
91@byaki_08.byaki,-,5.23,299.80,-0.30
91@byaki_08.byaki,-,5.35,303.90,0.00
91@byaki_08.byaki,-,5.55,306.30,-0.20
91@byaki_08.byaki,-,9.83,308.90,-2.10
91@byaki_08.byaki,-,8.37,311.30,-2.30
91@byaki_08.byaki,-,8.36,313.00,-2.90
91@byaki_08.byaki,-,8.49,315.50,-3.70
91@byaki_08.byaki,-,8.85,318.70,-3.40
91@byaki_08.byaki,-,8.88,321.20,-3.20
91@byaki_08.byaki,-,8.81,322.90,-2.90
91@byaki_08.byaki,-,12.48,324.80,-3.40
91@byaki_08.byaki,-,4.38,344.10,0.60
91@byaki_08.byaki,-,3.84,347.50,1.10
91@byaki_08.byaki,-,3.22,351.40,1.90
91@byaki_08.byaki,-,2.99,356.60,1.50
91@byaki_08.byaki,-,2.79,3.80,0.10
91@byaki_08.byaki,-,2.84,13.00,-0.60
91@byaki_08.byaki,-,2.85,20.30,-2.50
91@byaki_08.byaki,-,2.28,27.40,0.40
91@byaki_08.byaki,-,2.29,35.80,-2.70
91@byaki_08.byaki,-,2.43,39.30,2.10
91@byaki_08.byaki,-,3.13,60.20,-1.20
91@byaki_08.byaki,-,2.66,63.00,-0.90
91@byaki_08.byaki,-,2.28,68.60,-2.00
91@byaki_08.byaki,-,2.15,74.60,-2.80
91@byaki_08.byaki,-,2.03,81.40,-4.00
91@byaki_08.byaki,-,1.83,89.30,-6.20
91@byaki_08.byaki,-,2.79,272.40,-5.90
91@byaki_08.byaki,-,4.44,235.40,-0.90
91@byaki_08.byaki,-,4.40,238.50,0.30
91@byaki_08.byaki,-,4.32,242.40,-2.10
91@byaki_08.byaki,-,4.58,248.10,-3.30
91@byaki_08.byaki,-,4.76,255.40,-3.10
91@byaki_08.byaki,-,4.07,262.10,-3.80
91@byaki_08.byaki,-,3.74,266.70,-4.10
91@byaki_08.byaki,-,2.69,271.40,-6.20
91@byaki_08.byaki,-,2.39,279.50,-6.70
91@byaki_08.byaki,-,2.15,288.30,-5.70
91@byaki_08.byaki,-,2.34,294.00,-1.10
91@byaki_08.byaki,-,2.24,298.10,-2.90
91@byaki_08.byaki,-,2.28,305.00,-2.70
91@byaki_08.byaki,-,2.25,310.20,-5.60
91@byaki_08.byaki,-,2.18,316.90,-7.20
91@byaki_08.byaki,-,1.97,323.40,-7.00
91@byaki_08.byaki,-,1.86,332.20,-5.20
91@byaki_08.byaki,-,2.12,341.50,-3.40
91@byaki_08.byaki,-,1.81,349.70,-4.40
91@byaki_08.byaki,-,1.46,359.40,-14.90
91@byaki_08.byaki,-,1.48,10.90,-14.00
350@byaki_08.byaki,-,6.38,153.10,1.20
350@byaki_08.byaki,-,6.24,149.70,2.10
350@byaki_08.byaki,-,6.17,145.10,2.70
350@byaki_08.byaki,-,5.98,139.30,1.00
350@byaki_08.byaki,-,5.92,135.40,1.00
350@byaki_08.byaki,-,5.49,129.10,1.60
350@byaki_08.byaki,-,6.23,123.60,1.50
350@byaki_08.byaki,-,5.74,118.40,1.70
350@byaki_08.byaki,-,5.26,154.90,-0.40
91@byaki_08.byaki,92@byaki_08.byaki,2.38,292.60,0.90
92@byaki_08.byaki,-,2.98,30.10,-0.10
92@byaki_08.byaki,-,3.03,36.10,-0.50
92@byaki_08.byaki,-,2.94,44.60,0.10
92@byaki_08.byaki,-,3.36,52.40,-1.30
92@byaki_08.byaki,-,3.62,59.10,-1.60
92@byaki_08.byaki,-,3.70,66.20,-2.50
92@byaki_08.byaki,-,3.47,71.10,-2.30
92@byaki_08.byaki,-,3.29,74.30,-1.80
92@byaki_08.byaki,-,5.28,78.80,-2.90
92@byaki_08.byaki,-,4.82,82.00,-3.00
92@byaki_08.byaki,-,4.49,87.00,-3.30
92@byaki_08.byaki,-,4.29,91.90,-2.30
92@byaki_08.byaki,-,4.25,96.20,-1.80
92@byaki_08.byaki,-,4.06,101.80,-2.50
92@byaki_08.byaki,-,3.87,106.30,-3.40
92@byaki_08.byaki,-,2.82,107.80,-2.40
92@byaki_08.byaki,-,2.44,111.20,-2.60
92@byaki_08.byaki,-,2.46,115.30,-2.90
92@byaki_08.byaki,-,2.53,122.90,-3.30
92@byaki_08.byaki,-,2.58,130.70,-2.40
92@byaki_08.byaki,-,2.83,135.10,-2.40
92@byaki_08.byaki,-,3.17,140.30,-2.50
92@byaki_08.byaki,-,3.67,142.20,-4.70
92@byaki_08.byaki,-,5.46,143.30,-5.70
92@byaki_08.byaki,-,6.74,144.70,-5.60
92@byaki_08.byaki,-,7.06,147.30,-5.70
92@byaki_08.byaki,-,5.99,149.60,-5.60
92@byaki_08.byaki,-,5.65,151.40,-4.90
92@byaki_08.byaki,-,5.83,153.80,-5.10
92@byaki_08.byaki,-,10.49,155.80,-5.30
92@byaki_08.byaki,-,10.32,157.30,-5.40
92@byaki_08.byaki,-,10.41,158.70,-5.70
92@byaki_08.byaki,-,10.72,160.90,-4.80
92@byaki_08.byaki,-,11.44,162.30,-4.80
92@byaki_08.byaki,-,10.48,163.10,-4.70
92@byaki_08.byaki,-,9.07,175.20,-5.90
92@byaki_08.byaki,-,8.46,176.20,-6.20
92@byaki_08.byaki,-,8.05,178.70,-6.50
92@byaki_08.byaki,-,7.69,180.70,-6.60
92@byaki_08.byaki,-,7.32,182.50,-8.40
92@byaki_08.byaki,-,6.37,184.80,-8.60
92@byaki_08.byaki,-,6.12,187.30,-9.00
92@byaki_08.byaki,-,6.18,191.40,-10.20
92@byaki_08.byaki,-,4.85,197.90,-10.50
92@byaki_08.byaki,-,4.51,201.60,-9.10
92@byaki_08.byaki,-,4.56,201.30,7.20
92@byaki_08.byaki,-,4.85,206.80,6.10
92@byaki_08.byaki,-,6.20,210.20,5.90
92@byaki_08.byaki,-,7.21,214.60,4.90
92@byaki_08.byaki,-,8.55,217.80,4.90
92@byaki_08.byaki,-,6.45,220.90,4.30
92@byaki_08.byaki,-,6.86,226.50,5.20
92@byaki_08.byaki,-,6.98,230.70,4.50
92@byaki_08.byaki,-,6.86,234.10,3.80
92@byaki_08.byaki,-,7.00,238.30,3.20
92@byaki_08.byaki,-,7.99,238.90,4.80
92@byaki_08.byaki,-,7.73,243.00,4.10
92@byaki_08.byaki,-,7.41,246.40,3.90
92@byaki_08.byaki,-,7.36,249.90,3.60
92@byaki_08.byaki,-,6.25,253.60,3.70
92@byaki_08.byaki,-,5.52,259.30,3.30
92@byaki_08.byaki,-,5.26,262.90,3.90
92@byaki_08.byaki,-,3.92,265.30,5.20
92@byaki_08.byaki,-,3.65,272.30,5.10
92@byaki_08.byaki,-,3.51,279.90,6.20
92@byaki_08.byaki,-,3.11,287.40,4.40
92@byaki_08.byaki,-,2.96,297.00,-2.10
92@byaki_08.byaki,-,2.94,306.80,-0.80
92@byaki_08.byaki,-,3.07,311.30,-1.10
92@byaki_08.byaki,-,3.12,315.70,0.20
92@byaki_08.byaki,93@byaki_08.byaki,7.71,215.60,5.00
93@byaki_08.byaki,94@byaki_08.byaki,0.71,281.60,-21.10
94@byaki_08.byaki,-,1.75,248.60,-25.70
94@byaki_08.byaki,-,1.60,246.90,-25.30
94@byaki_08.byaki,-,1.60,232.60,-23.70
94@byaki_08.byaki,-,1.05,251.00,-3.20
94@byaki_08.byaki,-,0.56,287.90,-4.10
94@byaki_08.byaki,-,1.75,250.00,-25.80
94@byaki_08.byaki,-,1.80,251.20,-22.40
92@byaki_08.byaki,95@byaki_08.byaki,8.84,169.50,-2.40
95@byaki_08.byaki,-,2.83,4.60,-1.00
95@byaki_08.byaki,-,6.11,6.40,-1.10
95@byaki_08.byaki,-,5.52,9.50,-1.60
95@byaki_08.byaki,-,6.46,4.80,-1.80
95@byaki_08.byaki,-,5.51,8.20,-1.90
95@byaki_08.byaki,-,5.24,15.00,-2.00
95@byaki_08.byaki,-,3.27,15.40,-4.80
95@byaki_08.byaki,-,3.17,18.10,-2.50
95@byaki_08.byaki,-,3.20,21.60,-2.50
95@byaki_08.byaki,-,3.37,25.10,-2.90
95@byaki_08.byaki,-,5.98,28.40,-0.20
95@byaki_08.byaki,-,6.22,30.40,-0.00
95@byaki_08.byaki,-,6.35,32.90,0.90
95@byaki_08.byaki,-,7.62,36.40,2.00
95@byaki_08.byaki,-,8.28,37.70,1.40
95@byaki_08.byaki,-,9.64,39.60,1.70
95@byaki_08.byaki,-,4.98,44.40,2.40
95@byaki_08.byaki,-,4.84,46.50,3.10
95@byaki_08.byaki,-,4.82,50.80,3.00
95@byaki_08.byaki,-,4.66,55.80,4.10
95@byaki_08.byaki,-,5.39,59.90,5.50
95@byaki_08.byaki,-,5.15,65.40,5.40
95@byaki_08.byaki,-,5.15,70.00,5.20
95@byaki_08.byaki,-,5.04,75.20,4.90
95@byaki_08.byaki,-,4.90,80.90,3.70
95@byaki_08.byaki,-,5.04,87.20,2.00
95@byaki_08.byaki,-,6.17,92.30,2.00
95@byaki_08.byaki,-,5.65,95.60,1.30
95@byaki_08.byaki,-,6.10,103.60,0.60
95@byaki_08.byaki,-,5.65,108.50,1.20
95@byaki_08.byaki,-,5.53,110.70,1.90
95@byaki_08.byaki,-,2.91,112.20,0.50
95@byaki_08.byaki,-,2.60,118.10,-0.90
95@byaki_08.byaki,-,2.19,124.90,-1.30
95@byaki_08.byaki,-,2.05,136.30,-4.70
95@byaki_08.byaki,-,3.31,138.00,-8.20
95@byaki_08.byaki,-,3.81,143.70,-4.90
95@byaki_08.byaki,-,10.15,147.10,-3.00
95@byaki_08.byaki,-,10.32,152.50,-4.80
95@byaki_08.byaki,-,10.48,155.40,-3.80
95@byaki_08.byaki,-,10.64,158.30,-2.70
95@byaki_08.byaki,-,14.67,160.10,-2.20
95@byaki_08.byaki,-,14.54,161.70,-2.70
95@byaki_08.byaki,-,14.20,166.30,-2.50
95@byaki_08.byaki,-,14.29,169.80,-2.30
95@byaki_08.byaki,-,14.22,172.50,-2.30
95@byaki_08.byaki,-,14.14,175.70,-2.70
95@byaki_08.byaki,-,14.72,181.10,-2.90
95@byaki_08.byaki,-,15.73,185.40,-2.30
95@byaki_08.byaki,-,5.03,190.00,-1.90
95@byaki_08.byaki,-,4.63,193.30,-4.10
95@byaki_08.byaki,-,3.05,198.90,-7.20
95@byaki_08.byaki,-,2.70,207.40,-7.10
95@byaki_08.byaki,-,2.47,224.30,-8.20
95@byaki_08.byaki,-,1.68,249.50,-8.30
95@byaki_08.byaki,96@byaki_08.byaki,10.77,160.50,-1.80
96@byaki_08.byaki,97@byaki_08.byaki,12.44,238.60,-2.20
97@byaki_08.byaki,320@byaki_08.byaki,9.07,165.30,6.80
97@byaki_08.byaki,-,3.62,77.20,14.30
97@byaki_08.byaki,-,3.73,82.90,14.00
97@byaki_08.byaki,-,3.98,91.40,13.60
97@byaki_08.byaki,-,4.33,100.30,13.40
97@byaki_08.byaki,-,4.22,109.40,12.20
97@byaki_08.byaki,-,4.48,122.70,11.70
97@byaki_08.byaki,-,5.29,134.10,11.00
97@byaki_08.byaki,-,5.53,146.00,8.80
97@byaki_08.byaki,-,5.75,148.30,9.60
97@byaki_08.byaki,-,4.88,179.10,10.80
97@byaki_08.byaki,-,4.71,184.10,10.60
97@byaki_08.byaki,-,4.78,190.30,10.10
97@byaki_08.byaki,-,5.04,197.20,9.60
97@byaki_08.byaki,-,5.13,200.50,9.60
97@byaki_08.byaki,-,4.99,194.20,10.30
97@byaki_08.byaki,-,4.72,189.80,11.10
97@byaki_08.byaki,-,3.65,79.40,13.40
97@byaki_08.byaki,-,3.81,85.20,11.50
97@byaki_08.byaki,-,4.25,98.00,13.30
97@byaki_08.byaki,-,4.19,108.50,12.30
97@byaki_08.byaki,-,4.15,117.40,12.20
97@byaki_08.byaki,-,4.47,124.80,12.50
320@byaki_08.byaki,98@byaki_08.byaki,13.80,72.70,-2.50
98@byaki_08.byaki,99@byaki_08.byaki,21.00,61.90,1.00
99@byaki_08.byaki,100@byaki_08.byaki,10.60,39.30,1.90
100@byaki_08.byaki,323@byaki_08.byaki,3.60,79.40,9.80
323@byaki_08.byaki,101@byaki_08.byaki,4.99,79.50,-3.70
101@byaki_08.byaki,324@byaki_08.byaki,3.92,156.60,2.90
324@byaki_08.byaki,102@byaki_08.byaki,13.96,121.30,0.20
102@byaki_08.byaki,325@byaki_08.byaki,4.12,194.90,17.80
325@byaki_08.byaki,103@byaki_08.byaki,11.95,194.10,6.90
103@byaki_08.byaki,104@byaki_08.byaki,13.23,178.60,-3.60
104@byaki_08.byaki,105@byaki_08.byaki,4.46,178.30,5.30
105@byaki_08.byaki,293@byaki_08.byaki,7.79,86.20,2.00
293@byaki_08.byaki,106@byaki_08.byaki,3.42,100.20,-9.30
106@byaki_08.byaki,107@byaki_08.byaki,14.30,169.70,0.80
107@byaki_08.byaki,239@byaki_08.byaki,14.21,187.90,3.30
289@byaki_09.byaki,288@byaki_09.byaki,6.04,100.50,7.90
288@byaki_09.byaki,108@byaki_09.byaki,4.87,58.60,-7.10
108@byaki_09.byaki,501@byaki_09.byaki,9.82,91.80,5.60
501@byaki_09.byaki,109@byaki_09.byaki,4.25,46.70,0.70
109@byaki_09.byaki,503@byaki_09.byaki,3.55,75.90,3.60
503@byaki_09.byaki,502@byaki_09.byaki,12.90,120.80,0.10
502@byaki_09.byaki,110@byaki_09.byaki,11.22,117.20,-2.40
110@byaki_09.byaki,111@byaki_09.byaki,6.59,133.00,5.20
111@byaki_09.byaki,112@byaki_09.byaki,6.92,86.50,3.30
112@byaki_09.byaki,113@byaki_09.byaki,5.31,137.10,3.00
113@byaki_09.byaki,114@byaki_09.byaki,5.07,98.20,-3.20
114@byaki_09.byaki,509@byaki_09.byaki,2.78,180.10,-1.60
114@byaki_09.byaki,515@byaki_09.byaki,7.45,99.00,2.60
515@byaki_09.byaki,115@byaki_09.byaki,2.80,54.90,-5.30
115@byaki_09.byaki,116@byaki_09.byaki,4.89,152.70,7.30
116@byaki_09.byaki,516@byaki_09.byaki,2.66,48.00,-9.80
516@byaki_09.byaki,520@byaki_09.byaki,3.30,131.10,13.20
516@byaki_09.byaki,117@byaki_09.byaki,6.13,96.70,1.30
117@byaki_09.byaki,118@byaki_09.byaki,7.43,55.80,2.20
118@byaki_09.byaki,521@byaki_09.byaki,3.02,130.60,-1.30
118@byaki_09.byaki,119@byaki_09.byaki,6.74,106.70,-2.80
119@byaki_09.byaki,522@byaki_09.byaki,3.32,138.60,21.20
522@byaki_09.byaki,523@byaki_09.byaki,4.05,117.80,-5.90
523@byaki_09.byaki,120@byaki_09.byaki,4.96,119.50,1.00
120@byaki_09.byaki,524@byaki_09.byaki,6.64,169.40,-0.90
524@byaki_09.byaki,121@byaki_09.byaki,2.31,7.30,0.60
121@byaki_09.byaki,-,1.18,354.20,20.10
121@byaki_09.byaki,-,1.49,15.20,20.50
121@byaki_09.byaki,-,1.82,31.10,22.00
121@byaki_09.byaki,-,2.12,44.10,22.20
121@byaki_09.byaki,-,2.56,56.00,17.20
121@byaki_09.byaki,-,2.44,66.30,22.70
121@byaki_09.byaki,-,2.33,76.10,26.40
121@byaki_09.byaki,-,2.64,91.10,21.70
121@byaki_09.byaki,-,2.81,103.00,19.80
121@byaki_09.byaki,-,3.32,111.70,15.00
121@byaki_09.byaki,-,3.21,124.50,15.40
121@byaki_09.byaki,-,3.46,126.10,13.60
121@byaki_09.byaki,-,3.48,136.00,10.40
121@byaki_09.byaki,-,2.96,143.30,11.60
121@byaki_09.byaki,-,2.55,148.20,10.30
121@byaki_09.byaki,-,1.88,156.30,11.60
121@byaki_09.byaki,-,1.75,172.00,12.00
121@byaki_09.byaki,-,1.85,163.10,14.20
121@byaki_09.byaki,-,1.90,160.50,4.80
121@byaki_09.byaki,-,1.86,167.30,0.40
121@byaki_09.byaki,-,2.29,192.80,5.40
121@byaki_09.byaki,-,2.32,196.30,2.10
121@byaki_09.byaki,-,2.39,199.80,4.80
121@byaki_09.byaki,-,2.58,212.50,3.20
121@byaki_09.byaki,-,2.84,218.70,2.10
121@byaki_09.byaki,-,2.93,225.50,4.50
121@byaki_09.byaki,-,4.42,228.50,4.60
121@byaki_09.byaki,-,4.77,231.90,8.00
121@byaki_09.byaki,-,4.97,233.20,7.60
121@byaki_09.byaki,-,2.41,235.90,8.20
121@byaki_09.byaki,-,1.38,243.60,11.50
121@byaki_09.byaki,-,1.09,251.20,12.50
121@byaki_09.byaki,-,0.96,263.20,13.50
121@byaki_09.byaki,-,0.91,276.40,13.20
121@byaki_09.byaki,-,0.98,174.90,-35.30
121@byaki_09.byaki,122@byaki_09.byaki,0.99,173.40,-35.90
122@byaki_09.byaki,123@byaki_09.byaki,3.03,249.90,18.30
123@byaki_09.byaki,-,0.76,95.50,7.60
123@byaki_09.byaki,-,0.55,109.70,5.50
123@byaki_09.byaki,-,0.48,140.90,3.40
123@byaki_09.byaki,-,0.52,176.00,4.30
123@byaki_09.byaki,-,0.71,204.50,4.20
123@byaki_09.byaki,-,1.38,227.60,3.30
123@byaki_09.byaki,-,1.92,237.60,5.90
123@byaki_09.byaki,-,2.11,242.40,3.40
123@byaki_09.byaki,124@byaki_09.byaki,1.40,234.90,-20.60
124@byaki_09.byaki,125@byaki_09.byaki,1.74,260.40,5.70
125@byaki_09.byaki,-,1.72,63.00,0.20
125@byaki_09.byaki,-,1.11,54.10,3.00
125@byaki_09.byaki,-,0.54,30.30,6.10
125@byaki_09.byaki,-,0.41,359.90,14.00
125@byaki_09.byaki,-,0.51,336.40,11.40
125@byaki_09.byaki,-,0.58,335.10,21.30
125@byaki_09.byaki,-,0.80,297.20,10.30
125@byaki_09.byaki,-,1.20,270.30,8.30
125@byaki_09.byaki,-,1.47,257.20,3.60
125@byaki_09.byaki,-,2.91,249.70,1.80
125@byaki_09.byaki,-,3.11,246.70,0.70
125@byaki_09.byaki,-,2.20,244.00,1.10
125@byaki_09.byaki,-,2.16,238.90,4.40
125@byaki_09.byaki,-,1.27,349.00,-79.20
125@byaki_09.byaki,-,1.39,55.00,-37.90
125@byaki_09.byaki,-,1.27,45.10,-60.60
125@byaki_09.byaki,-,1.23,24.50,-81.90
125@byaki_09.byaki,-,1.40,244.00,-73.10
125@byaki_09.byaki,-,1.71,239.00,-51.50
125@byaki_09.byaki,-,2.14,245.00,-13.40
125@byaki_09.byaki,-,2.10,243.50,-5.70
125@byaki_09.byaki,-,2.16,242.50,5.30
125@byaki_09.byaki,-,2.08,240.40,13.00
125@byaki_09.byaki,-,1.60,242.90,27.80
125@byaki_09.byaki,-,1.17,251.00,38.80
125@byaki_09.byaki,-,1.08,254.50,46.50
125@byaki_09.byaki,-,0.80,256.70,61.10
125@byaki_09.byaki,-,0.71,246.60,85.10
125@byaki_09.byaki,-,0.75,59.20,60.90
125@byaki_09.byaki,-,1.16,61.90,40.70
125@byaki_09.byaki,-,2.73,70.80,23.50
125@byaki_09.byaki,-,3.50,71.40,14.30
125@byaki_09.byaki,-,5.99,69.80,7.10
125@byaki_09.byaki,-,8.34,68.30,2.90
125@byaki_09.byaki,-,7.61,67.30,-1.90
125@byaki_09.byaki,-,7.60,66.60,-5.30
125@byaki_09.byaki,-,2.70,66.10,-7.50
125@byaki_09.byaki,-,2.29,68.50,-15.10
125@byaki_09.byaki,-,1.80,67.10,-20.10
125@byaki_09.byaki,-,1.28,57.80,-44.90
125@byaki_09.byaki,126@byaki_09.byaki,2.20,245.10,5.60
126@byaki_09.byaki,-,1.24,241.40,-1.40
126@byaki_09.byaki,-,0.83,253.80,-4.00
126@byaki_09.byaki,-,0.69,277.20,-5.40
126@byaki_09.byaki,-,0.54,306.20,-3.80
126@byaki_09.byaki,-,0.38,338.30,2.20
126@byaki_09.byaki,-,0.43,26.70,11.00
126@byaki_09.byaki,-,0.77,45.30,9.60
126@byaki_09.byaki,-,0.75,44.60,6.90
126@byaki_09.byaki,-,2.30,52.00,5.50
126@byaki_09.byaki,-,2.92,59.00,4.60
126@byaki_09.byaki,-,3.38,61.20,2.70
126@byaki_09.byaki,-,1.48,71.60,-1.20
126@byaki_09.byaki,-,2.37,69.10,-0.90
126@byaki_09.byaki,-,1.21,76.50,8.60
126@byaki_09.byaki,-,1.02,83.10,5.30
126@byaki_09.byaki,-,1.02,82.90,3.00
126@byaki_09.byaki,-,1.03,93.90,5.50
126@byaki_09.byaki,-,1.02,108.40,6.40
126@byaki_09.byaki,-,0.67,122.70,9.10
126@byaki_09.byaki,-,0.50,247.40,26.20
126@byaki_09.byaki,-,1.08,244.60,-9.30
126@byaki_09.byaki,-,0.28,243.30,-31.90
126@byaki_09.byaki,-,1.04,249.50,-42.10
126@byaki_09.byaki,-,1.18,253.80,-56.00
126@byaki_09.byaki,-,0.67,258.70,-61.60
126@byaki_09.byaki,-,0.75,271.00,-72.00
126@byaki_09.byaki,-,1.48,321.40,-79.30
126@byaki_09.byaki,-,1.21,32.70,-80.20
126@byaki_09.byaki,-,1.83,73.20,-76.00
126@byaki_09.byaki,-,1.59,73.20,-68.00
126@byaki_09.byaki,-,2.44,61.80,-57.20
126@byaki_09.byaki,-,3.08,61.00,-56.20
126@byaki_09.byaki,-,3.15,59.90,-53.90
126@byaki_09.byaki,-,3.25,58.40,-50.70
126@byaki_09.byaki,-,2.56,57.10,-44.10
126@byaki_09.byaki,-,2.91,56.10,-36.90
126@byaki_09.byaki,-,2.92,58.60,-29.20
126@byaki_09.byaki,-,0.27,60.80,-25.30
126@byaki_09.byaki,-,3.40,62.70,-19.20
126@byaki_09.byaki,-,3.99,64.30,-12.20
126@byaki_09.byaki,-,12.20,65.40,-8.50
126@byaki_09.byaki,-,9.98,65.70,-5.00
126@byaki_09.byaki,-,10.44,66.70,-0.70
126@byaki_09.byaki,-,10.53,67.50,0.90
126@byaki_09.byaki,-,10.55,67.40,2.70
126@byaki_09.byaki,-,4.27,66.50,5.30
126@byaki_09.byaki,-,2.53,63.50,8.60
126@byaki_09.byaki,-,1.66,60.20,14.80
126@byaki_09.byaki,-,1.21,54.40,23.50
126@byaki_09.byaki,-,1.10,62.10,27.60
123@byaki_09.byaki,-,0.97,251.50,11.50
123@byaki_09.byaki,-,1.46,257.70,8.50
123@byaki_09.byaki,-,3.13,260.30,5.90
123@byaki_09.byaki,-,2.88,264.50,4.50
123@byaki_09.byaki,-,2.50,269.50,4.30
123@byaki_09.byaki,-,2.42,270.90,3.90
123@byaki_09.byaki,-,1.52,272.80,4.60
123@byaki_09.byaki,-,1.31,276.90,6.60
123@byaki_09.byaki,-,1.04,283.10,8.40
123@byaki_09.byaki,-,0.95,289.40,8.70
123@byaki_09.byaki,-,0.64,298.10,8.90
123@byaki_09.byaki,-,0.54,310.80,10.90
123@byaki_09.byaki,-,0.54,322.00,9.10
123@byaki_09.byaki,-,0.42,342.50,11.00
123@byaki_09.byaki,-,0.48,358.00,13.00
123@byaki_09.byaki,-,0.63,19.10,12.70
123@byaki_09.byaki,-,0.50,2.40,12.80
123@byaki_09.byaki,-,0.63,21.30,9.90
123@byaki_09.byaki,-,0.68,27.90,9.60
123@byaki_09.byaki,-,1.47,33.60,8.40
123@byaki_09.byaki,-,1.50,36.50,6.30
123@byaki_09.byaki,-,2.60,40.40,1.60
123@byaki_09.byaki,-,2.64,41.00,-4.40
123@byaki_09.byaki,-,2.71,45.10,-5.20
123@byaki_09.byaki,-,2.75,46.90,-5.50
123@byaki_09.byaki,-,4.21,49.10,-6.10
121@byaki_09.byaki,529@byaki_09.byaki,12.49,187.70,-2.10
529@byaki_09.byaki,-,2.34,212.50,2.50
529@byaki_09.byaki,-,2.14,223.40,0.50
529@byaki_09.byaki,-,1.75,241.40,-1.90
529@byaki_09.byaki,-,1.58,247.30,-5.00
529@byaki_09.byaki,-,1.77,276.00,-3.80
529@byaki_09.byaki,-,1.76,277.10,-2.60
529@byaki_09.byaki,-,1.99,291.10,-2.60
529@byaki_09.byaki,-,2.36,306.50,-2.90
529@byaki_09.byaki,-,2.74,318.50,1.20
529@byaki_09.byaki,-,3.08,322.80,3.20
529@byaki_09.byaki,-,4.91,325.90,3.10
529@byaki_09.byaki,-,5.72,329.50,2.60
529@byaki_09.byaki,-,5.86,332.20,2.40
529@byaki_09.byaki,-,6.66,333.30,2.40
529@byaki_09.byaki,-,7.03,336.50,2.00
529@byaki_09.byaki,-,8.48,339.90,1.10
529@byaki_09.byaki,-,8.69,342.50,1.30
529@byaki_09.byaki,-,8.76,346.30,0.60
529@byaki_09.byaki,-,8.78,349.40,0.50
529@byaki_09.byaki,-,6.17,350.30,0.90
529@byaki_09.byaki,-,6.05,351.80,1.00
529@byaki_09.byaki,-,6.05,352.90,0.10
529@byaki_09.byaki,-,8.90,354.20,0.60
529@byaki_09.byaki,-,8.87,356.90,0.50
529@byaki_09.byaki,-,8.80,359.50,0.90
529@byaki_09.byaki,-,8.77,2.00,0.80
529@byaki_09.byaki,-,9.43,3.50,1.10
529@byaki_09.byaki,-,9.83,4.90,2.80
529@byaki_09.byaki,-,11.24,13.20,2.10
529@byaki_09.byaki,-,3.60,14.00,1.80
529@byaki_09.byaki,-,3.48,14.90,2.30
529@byaki_09.byaki,-,2.50,17.20,4.20
529@byaki_09.byaki,-,2.51,18.90,6.80
529@byaki_09.byaki,127@byaki_09.byaki,2.78,319.60,0.40
127@byaki_09.byaki,-,6.03,350.20,3.00
127@byaki_09.byaki,-,6.41,358.30,1.00
127@byaki_09.byaki,-,6.77,4.60,0.70
127@byaki_09.byaki,-,6.87,7.60,1.50
127@byaki_09.byaki,-,4.52,8.90,0.90
127@byaki_09.byaki,-,4.02,11.50,1.40
127@byaki_09.byaki,-,4.05,13.80,1.40
127@byaki_09.byaki,-,6.97,16.10,1.70
127@byaki_09.byaki,-,6.97,17.50,3.30
127@byaki_09.byaki,-,7.87,18.70,3.40
127@byaki_09.byaki,-,9.89,26.50,2.80
127@byaki_09.byaki,-,9.86,31.20,3.00
127@byaki_09.byaki,-,9.92,33.80,2.90
127@byaki_09.byaki,-,8.49,36.00,3.70
127@byaki_09.byaki,-,9.03,39.50,3.60
127@byaki_09.byaki,-,6.53,42.10,2.60
127@byaki_09.byaki,-,6.62,46.60,3.20
127@byaki_09.byaki,-,6.24,49.70,3.00
127@byaki_09.byaki,-,5.07,52.70,3.40
127@byaki_09.byaki,-,4.45,55.10,3.50
127@byaki_09.byaki,-,3.96,58.60,3.50
127@byaki_09.byaki,-,3.05,62.60,3.70
127@byaki_09.byaki,-,3.01,70.20,3.80
127@byaki_09.byaki,-,2.63,79.90,5.10
127@byaki_09.byaki,-,3.08,75.60,9.00
127@byaki_09.byaki,-,2.56,81.00,9.40
127@byaki_09.byaki,-,2.50,88.20,8.00
127@byaki_09.byaki,-,2.55,98.80,7.30
127@byaki_09.byaki,-,2.48,107.50,5.10
127@byaki_09.byaki,-,2.61,116.90,4.40
127@byaki_09.byaki,-,2.52,127.10,4.30
127@byaki_09.byaki,-,2.72,134.70,3.70
127@byaki_09.byaki,-,2.88,141.70,1.80
127@byaki_09.byaki,-,2.87,140.80,3.40
127@byaki_09.byaki,-,3.39,151.30,2.10
127@byaki_09.byaki,-,4.97,154.20,-0.10
127@byaki_09.byaki,128@byaki_09.byaki,5.02,156.60,0.60
128@byaki_09.byaki,-,4.45,153.20,0.20
128@byaki_09.byaki,-,3.06,156.90,1.50
128@byaki_09.byaki,-,2.94,162.00,1.00
128@byaki_09.byaki,-,3.00,164.70,1.70
128@byaki_09.byaki,-,4.03,166.60,0.20
128@byaki_09.byaki,-,5.10,168.90,2.20
128@byaki_09.byaki,-,5.08,172.20,1.10
128@byaki_09.byaki,-,7.35,179.70,2.80
128@byaki_09.byaki,-,7.04,183.30,1.50
128@byaki_09.byaki,-,7.09,186.20,2.00
128@byaki_09.byaki,-,3.78,188.10,-0.00
128@byaki_09.byaki,-,3.63,194.40,0.20
128@byaki_09.byaki,-,3.66,198.90,-0.00
128@byaki_09.byaki,-,3.13,203.90,-0.30
128@byaki_09.byaki,-,2.76,213.50,-2.40
128@byaki_09.byaki,-,2.55,219.20,-1.70
128@byaki_09.byaki,-,2.32,222.90,-0.20
128@byaki_09.byaki,-,1.77,229.80,0.30
128@byaki_09.byaki,-,1.91,232.70,1.20
128@byaki_09.byaki,-,2.63,237.60,1.90
128@byaki_09.byaki,-,4.59,240.70,5.90
128@byaki_09.byaki,-,7.56,242.80,6.40
128@byaki_09.byaki,-,6.90,244.30,6.00
128@byaki_09.byaki,-,5.14,245.40,5.50
128@byaki_09.byaki,-,1.62,247.80,4.70
128@byaki_09.byaki,-,3.09,255.30,0.80
128@byaki_09.byaki,-,1.55,264.20,-2.60
128@byaki_09.byaki,-,1.47,272.50,-3.60
128@byaki_09.byaki,-,1.54,281.60,-1.70
128@byaki_09.byaki,-,1.87,280.60,-6.90
128@byaki_09.byaki,-,1.53,281.40,-2.60
128@byaki_09.byaki,-,1.92,293.40,-3.30
128@byaki_09.byaki,-,2.13,299.40,-3.60
128@byaki_09.byaki,-,2.79,304.00,-0.70
128@byaki_09.byaki,-,3.17,312.20,-0.70
128@byaki_09.byaki,-,3.61,316.90,-0.20
128@byaki_09.byaki,-,3.81,323.10,-0.70
128@byaki_09.byaki,-,4.32,327.50,-0.90
128@byaki_09.byaki,-,4.76,332.20,-1.60
128@byaki_09.byaki,-,4.88,333.20,-1.90
128@byaki_09.byaki,-,8.31,335.80,-1.20
128@byaki_09.byaki,-,8.94,336.80,-1.10
128@byaki_09.byaki,-,9.17,337.80,-1.10
128@byaki_09.byaki,-,10.28,339.20,-0.60
128@byaki_09.byaki,129@byaki_09.byaki,3.72,187.80,-9.60
129@byaki_09.byaki,-,2.08,130.30,21.20
129@byaki_09.byaki,-,1.95,140.00,22.80
129@byaki_09.byaki,-,2.73,149.60,19.30
129@byaki_09.byaki,-,3.29,156.90,16.50
129@byaki_09.byaki,-,4.03,163.50,15.40
129@byaki_09.byaki,-,4.47,168.40,15.20
129@byaki_09.byaki,-,4.76,172.00,15.50
129@byaki_09.byaki,-,4.26,176.80,15.50
129@byaki_09.byaki,-,3.70,181.90,15.20
129@byaki_09.byaki,-,3.47,186.40,14.40
129@byaki_09.byaki,-,2.40,192.90,18.00
129@byaki_09.byaki,-,1.54,198.60,19.40
129@byaki_09.byaki,-,1.86,119.00,20.60
129@byaki_09.byaki,-,1.49,104.30,21.60
129@byaki_09.byaki,-,1.47,88.80,19.00
129@byaki_09.byaki,-,1.50,74.60,20.30
129@byaki_09.byaki,-,1.51,63.60,19.10
129@byaki_09.byaki,-,1.56,55.30,23.60
129@byaki_09.byaki,-,3.10,52.70,14.50
129@byaki_09.byaki,-,3.05,47.30,15.90
129@byaki_09.byaki,-,3.16,43.10,15.00
129@byaki_09.byaki,-,3.45,40.20,12.60
129@byaki_09.byaki,-,3.39,36.50,11.90
129@byaki_09.byaki,-,4.28,32.90,10.10
129@byaki_09.byaki,-,4.33,29.00,10.50
129@byaki_09.byaki,-,3.59,24.80,11.20
129@byaki_09.byaki,-,0.16,25.40,8.60
129@byaki_09.byaki,-,3.48,24.40,12.10
129@byaki_09.byaki,-,3.40,23.20,10.40
129@byaki_09.byaki,-,3.31,18.40,10.10
129@byaki_09.byaki,-,3.54,16.00,9.70
129@byaki_09.byaki,-,3.59,10.50,11.00
129@byaki_09.byaki,-,3.71,7.60,10.50
129@byaki_09.byaki,-,4.53,5.00,9.50
129@byaki_09.byaki,-,4.83,1.80,7.00
129@byaki_09.byaki,-,4.89,0.30,7.90
129@byaki_09.byaki,-,11.44,359.00,4.20
128@byaki_09.byaki,130@byaki_09.byaki,0.91,211.00,-58.00
130@byaki_09.byaki,-,4.24,332.30,10.50
130@byaki_09.byaki,-,3.92,329.00,10.50
130@byaki_09.byaki,-,3.54,323.40,13.00
130@byaki_09.byaki,-,2.54,316.20,15.60
130@byaki_09.byaki,-,2.02,310.00,17.30
130@byaki_09.byaki,-,1.63,302.70,23.90
130@byaki_09.byaki,-,1.49,287.60,26.70
130@byaki_09.byaki,-,2.12,269.00,18.20
130@byaki_09.byaki,-,2.78,260.50,16.60
130@byaki_09.byaki,-,1.89,245.70,25.50
130@byaki_09.byaki,-,1.51,240.70,29.90
130@byaki_09.byaki,-,2.06,233.90,22.20
130@byaki_09.byaki,-,2.19,223.00,20.00
130@byaki_09.byaki,-,2.36,216.40,19.60
130@byaki_09.byaki,-,2.53,208.80,17.10
130@byaki_09.byaki,-,3.08,201.10,15.80
130@byaki_09.byaki,-,3.24,192.20,14.10
130@byaki_09.byaki,-,3.30,186.70,12.30
130@byaki_09.byaki,-,4.78,164.80,11.30
130@byaki_09.byaki,-,4.38,161.70,13.90
130@byaki_09.byaki,-,2.80,157.00,16.80
130@byaki_09.byaki,-,2.72,150.40,19.00
130@byaki_09.byaki,-,5.74,145.50,12.10
130@byaki_09.byaki,-,6.08,142.20,9.40
130@byaki_09.byaki,-,5.97,138.10,9.80
130@byaki_09.byaki,-,5.95,134.90,10.80
130@byaki_09.byaki,-,6.17,132.00,12.00
130@byaki_09.byaki,-,4.35,127.20,15.80
130@byaki_09.byaki,-,2.93,123.30,17.60
130@byaki_09.byaki,-,2.41,117.60,19.30
130@byaki_09.byaki,131@byaki_09.byaki,1.50,242.50,29.40
131@byaki_09.byaki,-,14.96,11.80,0.90
131@byaki_09.byaki,-,3.33,12.70,0.60
131@byaki_09.byaki,-,3.02,13.00,0.70
131@byaki_09.byaki,-,2.68,17.50,0.80
131@byaki_09.byaki,-,2.49,22.00,0.20
131@byaki_09.byaki,-,2.57,29.00,-0.30
131@byaki_09.byaki,-,2.46,33.80,1.10
131@byaki_09.byaki,-,1.92,38.70,1.30
131@byaki_09.byaki,-,1.86,42.40,2.50
131@byaki_09.byaki,-,1.77,46.90,1.20
131@byaki_09.byaki,-,1.81,54.30,2.10
131@byaki_09.byaki,-,2.01,61.70,1.70
131@byaki_09.byaki,-,2.11,68.40,1.00
131@byaki_09.byaki,-,2.03,71.70,1.00
131@byaki_09.byaki,-,3.80,78.00,1.50
131@byaki_09.byaki,-,3.08,80.80,2.40
131@byaki_09.byaki,-,2.98,83.60,2.80
131@byaki_09.byaki,-,3.14,86.00,2.90
131@byaki_09.byaki,-,3.24,89.60,2.40
131@byaki_09.byaki,-,3.05,92.40,2.20
131@byaki_09.byaki,-,3.18,97.60,2.80
131@byaki_09.byaki,-,3.42,101.80,3.90
131@byaki_09.byaki,-,3.71,105.90,4.10
131@byaki_09.byaki,-,4.98,108.00,5.60
131@byaki_09.byaki,-,5.22,110.30,4.60
131@byaki_09.byaki,-,8.06,112.80,3.70
131@byaki_09.byaki,-,6.39,122.80,3.70
131@byaki_09.byaki,-,2.84,124.40,3.80
131@byaki_09.byaki,-,2.76,128.80,4.30
131@byaki_09.byaki,-,2.86,133.10,4.30
131@byaki_09.byaki,-,3.38,137.00,4.30
131@byaki_09.byaki,-,4.04,140.80,4.00
131@byaki_09.byaki,-,4.28,146.20,3.60
131@byaki_09.byaki,-,4.50,151.90,4.00
131@byaki_09.byaki,-,4.60,156.20,1.70
131@byaki_09.byaki,-,6.20,162.30,3.40
131@byaki_09.byaki,-,6.63,165.90,4.10
131@byaki_09.byaki,-,6.39,169.80,4.10
131@byaki_09.byaki,-,2.28,178.10,3.50
131@byaki_09.byaki,-,1.89,184.90,5.10
131@byaki_09.byaki,-,1.20,191.80,5.50
131@byaki_09.byaki,-,0.88,200.50,7.00
130@byaki_09.byaki,132@byaki_09.byaki,1.35,91.30,80.70
132@byaki_09.byaki,-,0.62,45.30,9.20
132@byaki_09.byaki,-,3.52,47.20,13.90
132@byaki_09.byaki,-,3.37,47.60,17.20
132@byaki_09.byaki,-,2.93,48.90,28.40
132@byaki_09.byaki,-,3.07,49.10,35.00
132@byaki_09.byaki,-,3.16,48.60,41.60
132@byaki_09.byaki,-,3.27,47.60,45.40
132@byaki_09.byaki,-,3.09,44.40,51.90
132@byaki_09.byaki,-,2.91,42.90,57.30
132@byaki_09.byaki,-,2.94,37.60,61.70
132@byaki_09.byaki,-,3.94,34.80,63.20
132@byaki_09.byaki,-,3.87,29.30,68.20
132@byaki_09.byaki,-,3.43,24.00,72.00
132@byaki_09.byaki,-,3.33,14.00,80.50
132@byaki_09.byaki,-,3.29,341.40,85.20
132@byaki_09.byaki,-,4.88,297.10,85.30
132@byaki_09.byaki,-,4.97,255.60,84.00
132@byaki_09.byaki,-,3.31,230.60,81.70
132@byaki_09.byaki,-,3.16,211.20,78.50
132@byaki_09.byaki,-,1.61,210.50,73.10
132@byaki_09.byaki,-,1.40,206.30,67.00
132@byaki_09.byaki,-,0.89,213.80,54.00
132@byaki_09.byaki,-,0.99,221.50,41.30
132@byaki_09.byaki,-,1.00,224.70,29.70
132@byaki_09.byaki,-,1.06,228.10,20.00
132@byaki_09.byaki,-,1.42,227.10,10.20
132@byaki_09.byaki,-,1.33,230.70,0.50
132@byaki_09.byaki,-,1.25,239.90,-6.60
132@byaki_09.byaki,-,2.89,248.10,-15.40
132@byaki_09.byaki,-,2.73,248.20,-21.60
132@byaki_09.byaki,-,2.12,244.10,-25.90
132@byaki_09.byaki,-,1.81,240.00,-27.10
132@byaki_09.byaki,-,1.84,236.20,-27.50
132@byaki_09.byaki,-,2.33,232.10,-28.10
132@byaki_09.byaki,-,2.23,242.80,-37.50
132@byaki_09.byaki,-,1.96,243.30,-50.10
132@byaki_09.byaki,-,1.97,235.40,-54.70
132@byaki_09.byaki,133@byaki_09.byaki,2.34,54.30,85.80
133@byaki_09.byaki,-,4.14,224.10,-74.60
133@byaki_09.byaki,-,4.06,224.70,-77.50
133@byaki_09.byaki,-,3.79,223.20,-82.50
133@byaki_09.byaki,-,2.36,242.70,-85.50
133@byaki_09.byaki,-,2.38,12.20,-84.70
133@byaki_09.byaki,-,2.10,25.60,-79.40
133@byaki_09.byaki,-,1.57,40.50,-65.00
133@byaki_09.byaki,-,2.88,52.50,-61.50
133@byaki_09.byaki,-,3.12,55.30,-56.10
133@byaki_09.byaki,-,3.26,55.00,-52.00
133@byaki_09.byaki,-,3.29,53.60,-47.90
133@byaki_09.byaki,-,3.33,50.90,-42.70
133@byaki_09.byaki,-,2.96,49.30,-39.70
133@byaki_09.byaki,-,3.71,49.80,-33.80
133@byaki_09.byaki,-,3.22,48.40,-24.70
133@byaki_09.byaki,-,3.18,47.50,-17.90
133@byaki_09.byaki,-,3.15,45.80,-12.90
133@byaki_09.byaki,-,2.77,43.60,-5.30
133@byaki_09.byaki,-,2.68,42.30,0.10
133@byaki_09.byaki,-,1.21,37.40,10.00
133@byaki_09.byaki,-,2.62,35.70,21.90
133@byaki_09.byaki,-,3.36,35.80,31.50
133@byaki_09.byaki,-,3.27,32.80,35.90
133@byaki_09.byaki,-,2.88,26.70,40.00
133@byaki_09.byaki,-,2.68,22.30,42.50
133@byaki_09.byaki,-,2.28,15.40,46.80
133@byaki_09.byaki,-,2.00,6.60,52.00
133@byaki_09.byaki,-,1.10,331.00,70.20
133@byaki_09.byaki,-,1.49,292.20,72.40
133@byaki_09.byaki,-,3.94,262.50,70.40
133@byaki_09.byaki,-,4.78,258.00,65.20
133@byaki_09.byaki,-,3.49,251.90,55.60
133@byaki_09.byaki,-,3.22,248.20,41.40
133@byaki_09.byaki,-,4.05,245.50,33.70
133@byaki_09.byaki,-,3.99,244.20,29.10
133@byaki_09.byaki,-,1.79,243.60,23.70
133@byaki_09.byaki,-,1.34,241.70,14.30
133@byaki_09.byaki,-,5.05,246.60,-1.30
133@byaki_09.byaki,-,4.24,244.40,-5.70
133@byaki_09.byaki,-,3.74,244.00,-9.40
133@byaki_09.byaki,134@byaki_09.byaki,1.86,243.90,23.90
134@byaki_09.byaki,-,3.94,240.00,12.30
134@byaki_09.byaki,-,4.05,238.90,16.40
134@byaki_09.byaki,-,4.22,237.70,24.00
134@byaki_09.byaki,-,4.47,238.00,29.00
134@byaki_09.byaki,-,4.60,238.00,31.40
134@byaki_09.byaki,-,2.24,238.50,34.70
134@byaki_09.byaki,-,2.04,239.20,38.20
134@byaki_09.byaki,-,2.19,240.30,41.40
134@byaki_09.byaki,-,3.64,241.00,44.30
134@byaki_09.byaki,-,3.47,242.40,49.00
134@byaki_09.byaki,-,2.88,247.50,64.40
134@byaki_09.byaki,-,2.89,250.10,71.60
134@byaki_09.byaki,-,3.55,295.00,82.80
134@byaki_09.byaki,-,3.95,347.80,80.80
134@byaki_09.byaki,-,4.58,2.70,77.40
134@byaki_09.byaki,-,4.30,14.40,75.20
134@byaki_09.byaki,-,4.57,352.50,80.10
134@byaki_09.byaki,-,4.63,7.70,76.60
134@byaki_09.byaki,-,4.33,13.80,75.00
134@byaki_09.byaki,-,4.38,17.00,72.80
134@byaki_09.byaki,-,3.03,30.60,67.80
134@byaki_09.byaki,-,2.93,38.40,62.70
134@byaki_09.byaki,-,2.33,44.00,55.60
134@byaki_09.byaki,-,2.33,45.40,43.30
134@byaki_09.byaki,-,1.83,48.60,33.50
134@byaki_09.byaki,-,0.32,46.50,17.70
130@byaki_09.byaki,135@byaki_09.byaki,2.76,245.00,29.40
135@byaki_09.byaki,-,3.54,70.10,41.80
135@byaki_09.byaki,-,4.03,71.90,51.00
135@byaki_09.byaki,-,2.79,73.20,56.80
135@byaki_09.byaki,-,2.88,69.40,69.70
135@byaki_09.byaki,-,3.11,73.40,42.70
135@byaki_09.byaki,-,2.73,80.20,77.90
135@byaki_09.byaki,-,2.62,129.60,87.00
135@byaki_09.byaki,-,2.73,189.30,86.10
135@byaki_09.byaki,-,3.04,212.70,82.00
135@byaki_09.byaki,-,3.29,228.80,76.80
135@byaki_09.byaki,-,3.35,232.30,74.10
135@byaki_09.byaki,-,2.70,244.20,67.10
135@byaki_09.byaki,136@byaki_09.byaki,1.83,252.30,11.40
136@byaki_09.byaki,-,2.98,84.00,65.50
136@byaki_09.byaki,-,1.83,88.70,74.00
136@byaki_09.byaki,-,1.76,101.10,81.90
136@byaki_09.byaki,-,0.90,199.30,76.10
136@byaki_09.byaki,-,3.46,234.70,58.60
136@byaki_09.byaki,-,3.31,238.90,42.30
136@byaki_09.byaki,-,2.40,241.80,35.70
136@byaki_09.byaki,-,3.34,143.00,78.90
136@byaki_09.byaki,-,2.96,82.50,65.80
136@byaki_09.byaki,137@byaki_09.byaki,0.85,243.60,-8.50
137@byaki_09.byaki,-,6.16,66.80,23.80
137@byaki_09.byaki,-,5.75,68.10,14.60
137@byaki_09.byaki,-,4.76,68.90,8.30
137@byaki_09.byaki,-,5.99,68.80,22.40
137@byaki_09.byaki,-,4.37,67.50,30.70
137@byaki_09.byaki,-,2.97,66.70,40.00
137@byaki_09.byaki,-,4.93,69.50,47.10
137@byaki_09.byaki,-,5.21,70.10,48.30
137@byaki_09.byaki,-,4.64,78.60,60.00
137@byaki_09.byaki,-,4.64,80.00,62.40
137@byaki_09.byaki,-,4.85,88.00,69.90
137@byaki_09.byaki,-,2.99,99.30,75.00
137@byaki_09.byaki,-,2.86,114.50,82.60
137@byaki_09.byaki,-,2.84,198.20,86.10
137@byaki_09.byaki,-,2.85,244.10,81.90
137@byaki_09.byaki,-,4.00,240.60,70.50
137@byaki_09.byaki,-,3.24,237.90,65.00
137@byaki_09.byaki,-,1.80,239.30,58.10
137@byaki_09.byaki,-,3.49,229.20,31.00
137@byaki_09.byaki,-,3.56,229.90,35.10
137@byaki_09.byaki,-,3.62,231.50,30.30
137@byaki_09.byaki,-,2.63,231.40,23.30
137@byaki_09.byaki,-,2.45,231.50,17.80
137@byaki_09.byaki,-,0.35,234.00,6.10
137@byaki_09.byaki,-,0.36,236.90,-5.70
137@byaki_09.byaki,-,0.31,236.60,-10.40
137@byaki_09.byaki,138@byaki_09.byaki,2.17,240.10,-32.40
138@byaki_09.byaki,-,4.38,63.80,41.60
138@byaki_09.byaki,-,3.58,62.80,48.00
138@byaki_09.byaki,-,3.27,60.40,56.80
138@byaki_09.byaki,-,3.33,71.90,71.00
138@byaki_09.byaki,-,2.89,101.70,76.50
138@byaki_09.byaki,-,2.71,144.80,78.40
138@byaki_09.byaki,-,1.16,174.40,75.30
138@byaki_09.byaki,-,1.13,183.60,69.30
138@byaki_09.byaki,-,1.19,185.60,47.80
138@byaki_09.byaki,-,1.45,189.90,39.70
138@byaki_09.byaki,139@byaki_09.byaki,1.10,179.00,8.50
139@byaki_09.byaki,-,0.86,260.90,69.40
139@byaki_09.byaki,-,4.15,266.10,73.70
139@byaki_09.byaki,-,3.96,263.70,71.40
139@byaki_09.byaki,-,3.63,250.70,28.30
139@byaki_09.byaki,-,3.42,252.90,36.40
139@byaki_09.byaki,-,2.77,252.40,43.10
139@byaki_09.byaki,-,3.67,255.60,50.20
139@byaki_09.byaki,140@byaki_09.byaki,2.64,10.70,-24.90
140@byaki_09.byaki,530@byaki_09.byaki,1.99,218.40,17.80
140@byaki_09.byaki,141@byaki_09.byaki,3.00,200.60,26.90
141@byaki_09.byaki,-,3.05,256.00,21.40
141@byaki_09.byaki,-,2.70,261.20,38.00
141@byaki_09.byaki,-,2.81,265.30,46.50
141@byaki_09.byaki,-,1.01,281.70,53.60
141@byaki_09.byaki,-,3.79,266.40,70.10
141@byaki_09.byaki,-,3.65,262.20,65.00
141@byaki_09.byaki,-,3.25,255.60,24.90
141@byaki_09.byaki,-,3.15,255.50,32.40
141@byaki_09.byaki,142@byaki_09.byaki,2.05,258.10,12.50
142@byaki_09.byaki,-,2.13,241.40,65.90
142@byaki_09.byaki,-,3.79,228.10,80.10
142@byaki_09.byaki,-,3.39,48.10,87.30
142@byaki_09.byaki,-,2.82,34.10,78.90
142@byaki_09.byaki,-,3.18,47.50,73.70
142@byaki_09.byaki,-,3.49,227.80,79.60
142@byaki_09.byaki,-,1.34,251.90,53.50
142@byaki_09.byaki,-,1.06,260.80,35.50
142@byaki_09.byaki,-,1.72,259.40,-2.80
142@byaki_09.byaki,-,2.19,253.30,-6.30
142@byaki_09.byaki,-,2.85,249.80,-6.70
142@byaki_09.byaki,-,2.28,242.50,-10.90
142@byaki_09.byaki,-,2.02,236.50,-9.80
142@byaki_09.byaki,-,1.80,229.50,-14.40
142@byaki_09.byaki,-,5.00,238.00,-7.50
142@byaki_09.byaki,-,5.47,241.30,-7.20
142@byaki_09.byaki,-,5.43,244.20,-7.00
142@byaki_09.byaki,-,5.57,245.80,-6.90
142@byaki_09.byaki,-,4.90,236.90,-6.00
142@byaki_09.byaki,-,2.09,231.30,-8.10
142@byaki_09.byaki,-,6.43,247.70,-16.30
142@byaki_09.byaki,-,4.33,249.20,-20.70
142@byaki_09.byaki,-,4.28,250.20,-22.60
142@byaki_09.byaki,-,4.21,249.30,-24.70
142@byaki_09.byaki,-,1.87,216.60,-74.80
142@byaki_09.byaki,-,1.93,231.70,-66.10
142@byaki_09.byaki,-,1.97,232.70,-61.10
142@byaki_09.byaki,143@byaki_09.byaki,5.02,238.10,-7.60
143@byaki_09.byaki,-,5.49,59.20,10.20
143@byaki_09.byaki,-,6.64,60.90,11.40
143@byaki_09.byaki,-,4.79,62.50,11.30
143@byaki_09.byaki,-,4.58,66.80,11.00
143@byaki_09.byaki,-,3.04,71.30,11.00
143@byaki_09.byaki,-,3.48,81.30,10.60
143@byaki_09.byaki,-,2.40,86.80,11.80
143@byaki_09.byaki,-,1.83,91.50,11.10
143@byaki_09.byaki,-,1.20,105.00,8.40
143@byaki_09.byaki,-,1.02,111.70,7.70
143@byaki_09.byaki,-,2.29,54.00,10.20
143@byaki_09.byaki,-,1.39,49.80,11.60
143@byaki_09.byaki,-,1.25,32.10,11.60
143@byaki_09.byaki,-,1.15,14.50,11.70
143@byaki_09.byaki,-,1.22,351.40,3.40
143@byaki_09.byaki,-,1.02,327.40,5.60
143@byaki_09.byaki,-,1.05,312.80,8.30
143@byaki_09.byaki,144@byaki_09.byaki,3.26,352.70,-21.30
144@byaki_09.byaki,-,3.02,179.60,19.20
144@byaki_09.byaki,-,3.20,177.30,18.70
144@byaki_09.byaki,-,3.45,171.10,17.20
144@byaki_09.byaki,-,3.74,162.60,17.40
144@byaki_09.byaki,-,3.75,156.60,17.40
144@byaki_09.byaki,-,2.56,151.50,16.80
144@byaki_09.byaki,-,2.91,140.50,17.60
144@byaki_09.byaki,-,3.07,133.30,17.00
144@byaki_09.byaki,-,3.10,127.60,15.40
144@byaki_09.byaki,-,3.22,120.70,13.00
144@byaki_09.byaki,-,3.32,117.30,13.60
144@byaki_09.byaki,-,4.18,114.00,12.30
144@byaki_09.byaki,-,4.11,109.40,11.00
144@byaki_09.byaki,-,3.60,102.30,11.00
144@byaki_09.byaki,-,3.30,95.20,11.70
144@byaki_09.byaki,-,3.27,91.30,10.00
144@byaki_09.byaki,-,2.99,85.60,9.40
144@byaki_09.byaki,-,2.55,77.70,11.00
144@byaki_09.byaki,-,2.43,66.50,11.70
144@byaki_09.byaki,-,2.88,52.30,12.60
144@byaki_09.byaki,-,2.90,52.10,10.50
144@byaki_09.byaki,-,1.76,26.20,24.40
144@byaki_09.byaki,-,1.54,16.90,30.90
144@byaki_09.byaki,-,1.31,5.70,32.30
144@byaki_09.byaki,-,1.44,353.20,31.20
144@byaki_09.byaki,-,1.56,342.00,27.50
144@byaki_09.byaki,-,1.71,331.50,24.90
144@byaki_09.byaki,-,4.23,326.00,10.40
144@byaki_09.byaki,-,4.85,322.60,8.60
144@byaki_09.byaki,-,4.72,317.70,9.10
144@byaki_09.byaki,-,4.79,314.80,8.90
144@byaki_09.byaki,-,7.05,300.90,4.90
144@byaki_09.byaki,-,6.73,297.00,4.80
144@byaki_09.byaki,-,6.18,292.20,5.20
144@byaki_09.byaki,-,5.31,285.10,8.20
144@byaki_09.byaki,-,4.41,274.80,13.10
144@byaki_09.byaki,-,4.11,269.30,13.80
144@byaki_09.byaki,-,3.82,263.90,13.30
144@byaki_09.byaki,-,3.13,240.70,15.80
144@byaki_09.byaki,-,2.73,232.10,17.70
144@byaki_09.byaki,-,2.63,222.10,18.90
144@byaki_09.byaki,-,2.70,207.20,17.70
144@byaki_09.byaki,-,2.13,195.20,16.90
144@byaki_09.byaki,-,3.04,192.00,17.40
144@byaki_09.byaki,-,2.99,183.00,16.90
144@byaki_09.byaki,-,3.25,176.70,17.00
144@byaki_09.byaki,-,3.47,169.40,17.00
144@byaki_09.byaki,531@byaki_09.byaki,1.59,343.60,30.10
531@byaki_09.byaki,-,5.78,286.30,1.00
531@byaki_09.byaki,-,5.75,275.40,1.10
531@byaki_09.byaki,-,4.38,269.20,0.60
531@byaki_09.byaki,-,4.03,263.00,-0.40
531@byaki_09.byaki,-,3.42,256.60,-1.50
531@byaki_09.byaki,-,3.35,249.30,-2.60
531@byaki_09.byaki,-,3.58,242.40,-3.80
531@byaki_09.byaki,-,4.17,238.00,-4.20
531@byaki_09.byaki,-,3.55,220.60,-2.30
531@byaki_09.byaki,-,3.38,213.30,-1.50
531@byaki_09.byaki,-,3.25,205.20,-1.20
531@byaki_09.byaki,-,4.19,196.70,-1.70
531@byaki_09.byaki,-,4.11,188.90,-1.20
531@byaki_09.byaki,-,4.12,185.20,-0.80
531@byaki_09.byaki,-,4.12,179.20,-0.80
531@byaki_09.byaki,-,4.66,173.20,0.20
531@byaki_09.byaki,-,3.81,160.90,-0.20
531@byaki_09.byaki,-,4.01,152.30,1.40
531@byaki_09.byaki,-,4.16,143.70,2.40
531@byaki_09.byaki,-,4.15,145.40,0.20
531@byaki_09.byaki,-,4.20,138.60,1.10
531@byaki_09.byaki,-,4.36,131.00,-1.40
531@byaki_09.byaki,-,4.66,121.50,-2.40
531@byaki_09.byaki,-,4.09,116.40,-3.40
531@byaki_09.byaki,-,4.03,113.20,-3.20
144@byaki_09.byaki,145@byaki_09.byaki,6.58,39.90,3.90
145@byaki_09.byaki,-,2.72,297.60,3.70
145@byaki_09.byaki,-,0.87,305.50,4.00
145@byaki_09.byaki,-,3.45,293.00,3.50
145@byaki_09.byaki,-,4.11,286.70,2.60
145@byaki_09.byaki,-,4.38,284.20,0.60
145@byaki_09.byaki,-,4.96,279.70,0.00
145@byaki_09.byaki,-,5.10,276.80,0.80
145@byaki_09.byaki,-,4.80,273.50,1.10
145@byaki_09.byaki,-,4.71,267.10,1.10
145@byaki_09.byaki,-,4.66,262.90,1.00
145@byaki_09.byaki,-,4.74,259.90,1.20
145@byaki_09.byaki,-,4.45,258.70,1.30
145@byaki_09.byaki,-,3.88,255.60,0.00
145@byaki_09.byaki,-,3.74,251.50,2.50
145@byaki_09.byaki,-,3.69,246.40,4.00
145@byaki_09.byaki,-,3.88,242.70,3.90
145@byaki_09.byaki,-,4.11,236.70,5.10
145@byaki_09.byaki,-,4.23,232.60,4.40
145@byaki_09.byaki,-,3.53,216.50,3.80
145@byaki_09.byaki,-,3.19,213.00,4.10
145@byaki_09.byaki,-,2.57,208.20,3.40
145@byaki_09.byaki,-,2.60,198.30,3.80
145@byaki_09.byaki,-,2.91,188.30,5.40
145@byaki_09.byaki,-,3.20,180.90,4.60
145@byaki_09.byaki,-,3.43,174.50,4.00
145@byaki_09.byaki,-,3.29,170.40,4.40
145@byaki_09.byaki,-,3.32,163.70,4.70
145@byaki_09.byaki,-,3.30,156.90,4.70
145@byaki_09.byaki,-,3.51,150.40,3.30
145@byaki_09.byaki,-,3.90,147.30,0.10
145@byaki_09.byaki,-,7.42,145.80,1.30
145@byaki_09.byaki,-,6.66,134.70,-0.70
145@byaki_09.byaki,-,6.64,131.40,0.60
145@byaki_09.byaki,-,3.62,122.80,-5.90
145@byaki_09.byaki,-,3.61,114.10,-0.50
145@byaki_09.byaki,-,3.39,108.20,-0.30
145@byaki_09.byaki,-,3.27,99.50,1.80
145@byaki_09.byaki,-,3.34,107.30,-2.10
145@byaki_09.byaki,-,3.21,102.70,-4.90
145@byaki_09.byaki,-,3.28,93.80,2.00
145@byaki_09.byaki,-,3.45,87.30,4.60
145@byaki_09.byaki,-,3.49,81.70,4.30
145@byaki_09.byaki,-,3.23,77.20,4.00
145@byaki_09.byaki,-,3.06,71.80,3.80
145@byaki_09.byaki,-,3.12,67.90,-0.40
145@byaki_09.byaki,-,3.06,62.80,1.40
145@byaki_09.byaki,-,3.11,56.90,0.60
145@byaki_09.byaki,-,3.29,52.40,2.90
145@byaki_09.byaki,-,3.57,48.10,2.70
145@byaki_09.byaki,-,3.81,43.80,2.30
145@byaki_09.byaki,-,4.70,38.90,1.90
145@byaki_09.byaki,-,5.38,32.50,2.00
145@byaki_09.byaki,-,5.49,28.20,2.00
145@byaki_09.byaki,146@byaki_09.byaki,3.71,43.60,4.70
146@byaki_09.byaki,-,1.12,17.60,-0.20
146@byaki_09.byaki,-,2.09,356.60,1.00
146@byaki_09.byaki,-,2.21,353.10,1.90
146@byaki_09.byaki,-,2.46,344.80,2.40
146@byaki_09.byaki,-,2.59,339.60,2.10
146@byaki_09.byaki,-,2.86,334.70,1.30
146@byaki_09.byaki,-,2.86,325.80,1.90
146@byaki_09.byaki,-,2.95,316.80,2.30
146@byaki_09.byaki,-,3.25,309.30,1.20
146@byaki_09.byaki,-,3.72,300.30,0.30
146@byaki_09.byaki,-,4.12,293.80,0.40
146@byaki_09.byaki,-,4.65,290.70,-0.40
146@byaki_09.byaki,-,4.39,288.10,-0.70
146@byaki_09.byaki,-,4.72,282.70,-2.70
146@byaki_09.byaki,-,3.41,278.10,-2.10
146@byaki_09.byaki,-,3.25,272.90,-1.10
146@byaki_09.byaki,-,3.09,267.40,-1.80
146@byaki_09.byaki,-,3.20,261.80,-2.40
146@byaki_09.byaki,-,3.90,254.30,-3.60
146@byaki_09.byaki,-,3.28,248.30,-3.60
146@byaki_09.byaki,-,2.98,242.80,-3.20
146@byaki_09.byaki,-,3.11,234.90,-2.50
146@byaki_09.byaki,147@byaki_09.byaki,2.89,319.70,-3.50
147@byaki_09.byaki,-,0.79,265.50,1.00
147@byaki_09.byaki,-,1.37,259.70,2.20
147@byaki_09.byaki,-,2.35,254.70,1.40
147@byaki_09.byaki,-,3.01,249.40,5.00
147@byaki_09.byaki,-,3.12,245.70,3.90
147@byaki_09.byaki,-,2.84,242.60,3.40
147@byaki_09.byaki,-,2.64,240.20,2.80
147@byaki_09.byaki,-,3.08,244.80,2.00
147@byaki_09.byaki,-,2.21,235.70,3.20
147@byaki_09.byaki,-,2.18,226.90,3.50
147@byaki_09.byaki,-,2.45,217.60,1.80
147@byaki_09.byaki,-,2.68,209.30,1.50
147@byaki_09.byaki,-,3.64,200.90,0.40
147@byaki_09.byaki,-,3.95,190.40,0.30
147@byaki_09.byaki,-,7.88,180.80,0.40
147@byaki_09.byaki,-,7.91,177.70,-0.10
147@byaki_09.byaki,-,7.89,180.90,0.50
147@byaki_09.byaki,-,8.23,175.00,0.30
147@byaki_09.byaki,-,8.20,175.20,-2.20
147@byaki_09.byaki,-,7.91,178.20,-0.90
147@byaki_09.byaki,-,6.92,161.80,-0.10
147@byaki_09.byaki,-,5.81,157.60,0.80
147@byaki_09.byaki,-,4.44,153.40,1.50
147@byaki_09.byaki,-,3.63,149.40,2.20
147@byaki_09.byaki,-,3.32,145.70,3.90
147@byaki_09.byaki,-,2.88,139.50,4.30
147@byaki_09.byaki,-,2.97,129.00,4.30
147@byaki_09.byaki,-,2.63,119.80,5.20
147@byaki_09.byaki,-,2.38,111.80,5.20
147@byaki_09.byaki,-,2.31,102.30,3.70
147@byaki_09.byaki,-,2.28,104.40,4.80
147@byaki_09.byaki,-,1.91,89.30,4.90
147@byaki_09.byaki,-,1.56,81.70,11.30
147@byaki_09.byaki,-,1.28,74.00,14.90
147@byaki_09.byaki,-,0.99,63.30,16.70
147@byaki_09.byaki,148@byaki_09.byaki,7.05,163.90,0.90
148@byaki_09.byaki,-,7.18,340.40,0.60
148@byaki_09.byaki,-,7.08,348.30,-0.50
148@byaki_09.byaki,-,7.32,345.00,1.00
148@byaki_09.byaki,-,7.11,339.10,0.60
148@byaki_09.byaki,-,7.27,330.70,0.30
148@byaki_09.byaki,-,7.35,326.70,-0.20
148@byaki_09.byaki,-,7.67,316.60,-0.20
148@byaki_09.byaki,-,4.75,305.50,0.90
148@byaki_09.byaki,-,3.58,304.10,-1.50
148@byaki_09.byaki,-,3.50,301.30,-2.50
148@byaki_09.byaki,-,3.53,299.70,-1.40
148@byaki_09.byaki,-,3.60,306.20,-0.80
148@byaki_09.byaki,-,4.18,264.30,2.20
148@byaki_09.byaki,-,3.76,258.90,3.30
148@byaki_09.byaki,-,3.62,254.50,3.50
148@byaki_09.byaki,-,3.32,245.00,3.20
148@byaki_09.byaki,-,2.62,240.20,4.70
148@byaki_09.byaki,-,1.97,232.60,5.20
148@byaki_09.byaki,-,1.99,237.50,5.90
148@byaki_09.byaki,-,1.82,225.40,6.50
148@byaki_09.byaki,-,1.77,215.10,6.20
148@byaki_09.byaki,-,1.81,211.30,5.50
148@byaki_09.byaki,-,2.14,206.00,5.20
148@byaki_09.byaki,-,2.62,197.20,3.50
148@byaki_09.byaki,-,3.35,187.70,1.80
148@byaki_09.byaki,-,3.29,183.10,0.50
148@byaki_09.byaki,-,3.98,177.50,1.10
148@byaki_09.byaki,-,4.26,171.80,0.20
148@byaki_09.byaki,-,4.28,167.90,0.60
148@byaki_09.byaki,-,3.28,158.30,2.30
148@byaki_09.byaki,-,1.59,138.40,18.60
148@byaki_09.byaki,-,1.52,142.50,18.30
148@byaki_09.byaki,-,1.53,148.30,18.10
148@byaki_09.byaki,-,1.57,152.10,17.40
148@byaki_09.byaki,-,1.67,159.20,15.30
148@byaki_09.byaki,-,1.74,165.90,13.50
148@byaki_09.byaki,-,1.81,171.70,12.60
148@byaki_09.byaki,-,2.04,179.30,10.80
148@byaki_09.byaki,-,2.29,184.20,10.10
148@byaki_09.byaki,530@byaki_09.byaki,2.20,202.90,4.60
